algorithm,scheme,experiment_id,config_path,run_status
elastic_net,S000_none,layer1_all128_top10000_S000_none,TRB/set/configs/experiments/layer1_all128_top10000_static_v1/S000_none.yaml,existing_reuse
elastic_net,S001_D,layer1_all128_top10000_S001_D,TRB/set/configs/experiments/layer1_all128_top10000_static_v1/S001_D.yaml,existing_reuse
elastic_net,S002_E,layer1_all128_top10000_S002_E,TRB/set/configs/experiments/layer1_all128_top10000_static_v1/S002_E.yaml,existing_reuse
elastic_net,S003_L,layer1_all128_top10000_S003_L,TRB/set/configs/experiments/layer1_all128_top10000_static_v1/S003_L.yaml,existing_reuse
elastic_net,S004_AU,layer1_all128_top10000_S004_AU,TRB/set/configs/experiments/layer1_all128_top10000_static_v1/S004_AU.yaml,existing_reuse
elastic_net,S005_AW,layer1_all128_top10000_S005_AW,TRB/set/configs/experiments/layer1_all128_top10000_static_v1/S005_AW.yaml,existing_reuse
elastic_net,S006_PU,layer1_all128_top10000_S006_PU,TRB/set/configs/experiments/layer1_all128_top10000_static_v1/S006_PU.yaml,existing_reuse
elastic_net,S007_PW,layer1_all128_top10000_S007_PW,TRB/set/configs/experiments/layer1_all128_top10000_static_v1/S007_PW.yaml,existing_reuse
elastic_net,S008_D_E,layer1_all128_top10000_S008_D_E,TRB/set/configs/experiments/layer1_all128_top10000_static_v1/S008_D_E.yaml,existing_reuse
elastic_net,S009_D_L,layer1_all128_top10000_S009_D_L,TRB/set/configs/experiments/layer1_all128_top10000_static_v1/S009_D_L.yaml,existing_reuse
elastic_net,S010_D_AU,layer1_all128_top10000_S010_D_AU,TRB/set/configs/experiments/layer1_all128_top10000_static_v1/S010_D_AU.yaml,existing_reuse
elastic_net,S011_D_AW,layer1_all128_top10000_S011_D_AW,TRB/set/configs/experiments/layer1_all128_top10000_static_v1/S011_D_AW.yaml,existing_reuse
elastic_net,S012_D_PU,layer1_all128_top10000_S012_D_PU,TRB/set/configs/experiments/layer1_all128_top10000_static_v1/S012_D_PU.yaml,existing_reuse
elastic_net,S013_D_PW,layer1_all128_top10000_S013_D_PW,TRB/set/configs/experiments/layer1_all128_top10000_static_v1/S013_D_PW.yaml,existing_reuse
elastic_net,S014_E_L,layer1_all128_top10000_S014_E_L,TRB/set/configs/experiments/layer1_all128_top10000_static_v1/S014_E_L.yaml,existing_reuse
elastic_net,S015_E_AU,layer1_all128_top10000_S015_E_AU,TRB/set/configs/experiments/layer1_all128_top10000_static_v1/S015_E_AU.yaml,existing_reuse
elastic_net,S016_E_AW,layer1_all128_top10000_S016_E_AW,TRB/set/configs/experiments/layer1_all128_top10000_static_v1/S016_E_AW.yaml,existing_reuse
elastic_net,S017_E_PU,layer1_all128_top10000_S017_E_PU,TRB/set/configs/experiments/layer1_all128_top10000_static_v1/S017_E_PU.yaml,existing_reuse
elastic_net,S018_E_PW,layer1_all128_top10000_S018_E_PW,TRB/set/configs/experiments/layer1_all128_top10000_static_v1/S018_E_PW.yaml,existing_reuse
elastic_net,S019_L_AU,layer1_all128_top10000_S019_L_AU,TRB/set/configs/experiments/layer1_all128_top10000_static_v1/S019_L_AU.yaml,existing_reuse
elastic_net,S020_L_AW,layer1_all128_top10000_S020_L_AW,TRB/set/configs/experiments/layer1_all128_top10000_static_v1/S020_L_AW.yaml,existing_reuse
elastic_net,S021_L_PU,layer1_all128_top10000_S021_L_PU,TRB/set/configs/experiments/layer1_all128_top10000_static_v1/S021_L_PU.yaml,existing_reuse
elastic_net,S022_L_PW,layer1_all128_top10000_S022_L_PW,TRB/set/configs/experiments/layer1_all128_top10000_static_v1/S022_L_PW.yaml,existing_reuse
elastic_net,S023_AU_AW,layer1_all128_top10000_S023_AU_AW,TRB/set/configs/experiments/layer1_all128_top10000_static_v1/S023_AU_AW.yaml,existing_reuse
elastic_net,S024_AU_PU,layer1_all128_top10000_S024_AU_PU,TRB/set/configs/experiments/layer1_all128_top10000_static_v1/S024_AU_PU.yaml,existing_reuse
elastic_net,S025_AU_PW,layer1_all128_top10000_S025_AU_PW,TRB/set/configs/experiments/layer1_all128_top10000_static_v1/S025_AU_PW.yaml,existing_reuse
elastic_net,S026_AW_PU,layer1_all128_top10000_S026_AW_PU,TRB/set/configs/experiments/layer1_all128_top10000_static_v1/S026_AW_PU.yaml,existing_reuse
elastic_net,S027_AW_PW,layer1_all128_top10000_S027_AW_PW,TRB/set/configs/experiments/layer1_all128_top10000_static_v1/S027_AW_PW.yaml,existing_reuse
elastic_net,S028_PU_PW,layer1_all128_top10000_S028_PU_PW,TRB/set/configs/experiments/layer1_all128_top10000_static_v1/S028_PU_PW.yaml,existing_reuse
elastic_net,S029_D_E_L,layer1_all128_top10000_S029_D_E_L,TRB/set/configs/experiments/layer1_all128_top10000_static_v1/S029_D_E_L.yaml,existing_reuse
elastic_net,S030_D_E_AU,layer1_all128_top10000_S030_D_E_AU,TRB/set/configs/experiments/layer1_all128_top10000_static_v1/S030_D_E_AU.yaml,existing_reuse
elastic_net,S031_D_E_AW,layer1_all128_top10000_S031_D_E_AW,TRB/set/configs/experiments/layer1_all128_top10000_static_v1/S031_D_E_AW.yaml,existing_reuse
elastic_net,S032_D_E_PU,layer1_all128_top10000_S032_D_E_PU,TRB/set/configs/experiments/layer1_all128_top10000_static_v1/S032_D_E_PU.yaml,existing_reuse
elastic_net,S033_D_E_PW,layer1_all128_top10000_S033_D_E_PW,TRB/set/configs/experiments/layer1_all128_top10000_static_v1/S033_D_E_PW.yaml,existing_reuse
elastic_net,S034_D_L_AU,layer1_all128_top10000_S034_D_L_AU,TRB/set/configs/experiments/layer1_all128_top10000_static_v1/S034_D_L_AU.yaml,existing_reuse
elastic_net,S035_D_L_AW,layer1_all128_top10000_S035_D_L_AW,TRB/set/configs/experiments/layer1_all128_top10000_static_v1/S035_D_L_AW.yaml,existing_reuse
elastic_net,S036_D_L_PU,layer1_all128_top10000_S036_D_L_PU,TRB/set/configs/experiments/layer1_all128_top10000_static_v1/S036_D_L_PU.yaml,existing_reuse
elastic_net,S037_D_L_PW,layer1_all128_top10000_S037_D_L_PW,TRB/set/configs/experiments/layer1_all128_top10000_static_v1/S037_D_L_PW.yaml,existing_reuse
elastic_net,S038_D_AU_AW,layer1_all128_top10000_S038_D_AU_AW,TRB/set/configs/experiments/layer1_all128_top10000_static_v1/S038_D_AU_AW.yaml,existing_reuse
elastic_net,S039_D_AU_PU,layer1_all128_top10000_S039_D_AU_PU,TRB/set/configs/experiments/layer1_all128_top10000_static_v1/S039_D_AU_PU.yaml,existing_reuse
elastic_net,S040_D_AU_PW,layer1_all128_top10000_S040_D_AU_PW,TRB/set/configs/experiments/layer1_all128_top10000_static_v1/S040_D_AU_PW.yaml,existing_reuse
elastic_net,S041_D_AW_PU,layer1_all128_top10000_S041_D_AW_PU,TRB/set/configs/experiments/layer1_all128_top10000_static_v1/S041_D_AW_PU.yaml,existing_reuse
elastic_net,S042_D_AW_PW,layer1_all128_top10000_S042_D_AW_PW,TRB/set/configs/experiments/layer1_all128_top10000_static_v1/S042_D_AW_PW.yaml,existing_reuse
elastic_net,S043_D_PU_PW,layer1_all128_top10000_S043_D_PU_PW,TRB/set/configs/experiments/layer1_all128_top10000_static_v1/S043_D_PU_PW.yaml,existing_reuse
elastic_net,S044_E_L_AU,layer1_all128_top10000_S044_E_L_AU,TRB/set/configs/experiments/layer1_all128_top10000_static_v1/S044_E_L_AU.yaml,existing_reuse
elastic_net,S045_E_L_AW,layer1_all128_top10000_S045_E_L_AW,TRB/set/configs/experiments/layer1_all128_top10000_static_v1/S045_E_L_AW.yaml,existing_reuse
elastic_net,S046_E_L_PU,layer1_all128_top10000_S046_E_L_PU,TRB/set/configs/experiments/layer1_all128_top10000_static_v1/S046_E_L_PU.yaml,existing_reuse
elastic_net,S047_E_L_PW,layer1_all128_top10000_S047_E_L_PW,TRB/set/configs/experiments/layer1_all128_top10000_static_v1/S047_E_L_PW.yaml,existing_reuse
elastic_net,S048_E_AU_AW,layer1_all128_top10000_S048_E_AU_AW,TRB/set/configs/experiments/layer1_all128_top10000_static_v1/S048_E_AU_AW.yaml,existing_reuse
elastic_net,S049_E_AU_PU,layer1_all128_top10000_S049_E_AU_PU,TRB/set/configs/experiments/layer1_all128_top10000_static_v1/S049_E_AU_PU.yaml,existing_reuse
elastic_net,S050_E_AU_PW,layer1_all128_top10000_S050_E_AU_PW,TRB/set/configs/experiments/layer1_all128_top10000_static_v1/S050_E_AU_PW.yaml,existing_reuse
elastic_net,S051_E_AW_PU,layer1_all128_top10000_S051_E_AW_PU,TRB/set/configs/experiments/layer1_all128_top10000_static_v1/S051_E_AW_PU.yaml,existing_reuse
elastic_net,S052_E_AW_PW,layer1_all128_top10000_S052_E_AW_PW,TRB/set/configs/experiments/layer1_all128_top10000_static_v1/S052_E_AW_PW.yaml,existing_reuse
elastic_net,S053_E_PU_PW,layer1_all128_top10000_S053_E_PU_PW,TRB/set/configs/experiments/layer1_all128_top10000_static_v1/S053_E_PU_PW.yaml,existing_reuse
elastic_net,S054_L_AU_AW,layer1_all128_top10000_S054_L_AU_AW,TRB/set/configs/experiments/layer1_all128_top10000_static_v1/S054_L_AU_AW.yaml,existing_reuse
elastic_net,S055_L_AU_PU,layer1_all128_top10000_S055_L_AU_PU,TRB/set/configs/experiments/layer1_all128_top10000_static_v1/S055_L_AU_PU.yaml,existing_reuse
elastic_net,S056_L_AU_PW,layer1_all128_top10000_S056_L_AU_PW,TRB/set/configs/experiments/layer1_all128_top10000_static_v1/S056_L_AU_PW.yaml,existing_reuse
elastic_net,S057_L_AW_PU,layer1_all128_top10000_S057_L_AW_PU,TRB/set/configs/experiments/layer1_all128_top10000_static_v1/S057_L_AW_PU.yaml,existing_reuse
elastic_net,S058_L_AW_PW,layer1_all128_top10000_S058_L_AW_PW,TRB/set/configs/experiments/layer1_all128_top10000_static_v1/S058_L_AW_PW.yaml,existing_reuse
elastic_net,S059_L_PU_PW,layer1_all128_top10000_S059_L_PU_PW,TRB/set/configs/experiments/layer1_all128_top10000_static_v1/S059_L_PU_PW.yaml,existing_reuse
elastic_net,S060_AU_AW_PU,layer1_all128_top10000_S060_AU_AW_PU,TRB/set/configs/experiments/layer1_all128_top10000_static_v1/S060_AU_AW_PU.yaml,existing_reuse
elastic_net,S061_AU_AW_PW,layer1_all128_top10000_S061_AU_AW_PW,TRB/set/configs/experiments/layer1_all128_top10000_static_v1/S061_AU_AW_PW.yaml,existing_reuse
elastic_net,S062_AU_PU_PW,layer1_all128_top10000_S062_AU_PU_PW,TRB/set/configs/experiments/layer1_all128_top10000_static_v1/S062_AU_PU_PW.yaml,existing_reuse
elastic_net,S063_AW_PU_PW,layer1_all128_top10000_S063_AW_PU_PW,TRB/set/configs/experiments/layer1_all128_top10000_static_v1/S063_AW_PU_PW.yaml,existing_reuse
elastic_net,S064_D_E_L_AU,layer1_all128_top10000_S064_D_E_L_AU,TRB/set/configs/experiments/layer1_all128_top10000_static_v1/S064_D_E_L_AU.yaml,existing_reuse
elastic_net,S065_D_E_L_AW,layer1_all128_top10000_S065_D_E_L_AW,TRB/set/configs/experiments/layer1_all128_top10000_static_v1/S065_D_E_L_AW.yaml,existing_reuse
elastic_net,S066_D_E_L_PU,layer1_all128_top10000_S066_D_E_L_PU,TRB/set/configs/experiments/layer1_all128_top10000_static_v1/S066_D_E_L_PU.yaml,existing_reuse
elastic_net,S067_D_E_L_PW,layer1_all128_top10000_S067_D_E_L_PW,TRB/set/configs/experiments/layer1_all128_top10000_static_v1/S067_D_E_L_PW.yaml,existing_reuse
elastic_net,S068_D_E_AU_AW,layer1_all128_top10000_S068_D_E_AU_AW,TRB/set/configs/experiments/layer1_all128_top10000_static_v1/S068_D_E_AU_AW.yaml,existing_reuse
elastic_net,S069_D_E_AU_PU,layer1_all128_top10000_S069_D_E_AU_PU,TRB/set/configs/experiments/layer1_all128_top10000_static_v1/S069_D_E_AU_PU.yaml,existing_reuse
elastic_net,S070_D_E_AU_PW,layer1_all128_top10000_S070_D_E_AU_PW,TRB/set/configs/experiments/layer1_all128_top10000_static_v1/S070_D_E_AU_PW.yaml,existing_reuse
elastic_net,S071_D_E_AW_PU,layer1_all128_top10000_S071_D_E_AW_PU,TRB/set/configs/experiments/layer1_all128_top10000_static_v1/S071_D_E_AW_PU.yaml,existing_reuse
elastic_net,S072_D_E_AW_PW,layer1_all128_top10000_S072_D_E_AW_PW,TRB/set/configs/experiments/layer1_all128_top10000_static_v1/S072_D_E_AW_PW.yaml,existing_reuse
elastic_net,S073_D_E_PU_PW,layer1_all128_top10000_S073_D_E_PU_PW,TRB/set/configs/experiments/layer1_all128_top10000_static_v1/S073_D_E_PU_PW.yaml,existing_reuse
elastic_net,S074_D_L_AU_AW,layer1_all128_top10000_S074_D_L_AU_AW,TRB/set/configs/experiments/layer1_all128_top10000_static_v1/S074_D_L_AU_AW.yaml,existing_reuse
elastic_net,S075_D_L_AU_PU,layer1_all128_top10000_S075_D_L_AU_PU,TRB/set/configs/experiments/layer1_all128_top10000_static_v1/S075_D_L_AU_PU.yaml,existing_reuse
elastic_net,S076_D_L_AU_PW,layer1_all128_top10000_S076_D_L_AU_PW,TRB/set/configs/experiments/layer1_all128_top10000_static_v1/S076_D_L_AU_PW.yaml,existing_reuse
elastic_net,S077_D_L_AW_PU,layer1_all128_top10000_S077_D_L_AW_PU,TRB/set/configs/experiments/layer1_all128_top10000_static_v1/S077_D_L_AW_PU.yaml,existing_reuse
elastic_net,S078_D_L_AW_PW,layer1_all128_top10000_S078_D_L_AW_PW,TRB/set/configs/experiments/layer1_all128_top10000_static_v1/S078_D_L_AW_PW.yaml,existing_reuse
elastic_net,S079_D_L_PU_PW,layer1_all128_top10000_S079_D_L_PU_PW,TRB/set/configs/experiments/layer1_all128_top10000_static_v1/S079_D_L_PU_PW.yaml,existing_reuse
elastic_net,S080_D_AU_AW_PU,layer1_all128_top10000_S080_D_AU_AW_PU,TRB/set/configs/experiments/layer1_all128_top10000_static_v1/S080_D_AU_AW_PU.yaml,existing_reuse
elastic_net,S081_D_AU_AW_PW,layer1_all128_top10000_S081_D_AU_AW_PW,TRB/set/configs/experiments/layer1_all128_top10000_static_v1/S081_D_AU_AW_PW.yaml,existing_reuse
elastic_net,S082_D_AU_PU_PW,layer1_all128_top10000_S082_D_AU_PU_PW,TRB/set/configs/experiments/layer1_all128_top10000_static_v1/S082_D_AU_PU_PW.yaml,existing_reuse
elastic_net,S083_D_AW_PU_PW,layer1_all128_top10000_S083_D_AW_PU_PW,TRB/set/configs/experiments/layer1_all128_top10000_static_v1/S083_D_AW_PU_PW.yaml,existing_reuse
elastic_net,S084_E_L_AU_AW,layer1_all128_top10000_S084_E_L_AU_AW,TRB/set/configs/experiments/layer1_all128_top10000_static_v1/S084_E_L_AU_AW.yaml,existing_reuse
elastic_net,S085_E_L_AU_PU,layer1_all128_top10000_S085_E_L_AU_PU,TRB/set/configs/experiments/layer1_all128_top10000_static_v1/S085_E_L_AU_PU.yaml,existing_reuse
elastic_net,S086_E_L_AU_PW,layer1_all128_top10000_S086_E_L_AU_PW,TRB/set/configs/experiments/layer1_all128_top10000_static_v1/S086_E_L_AU_PW.yaml,existing_reuse
elastic_net,S087_E_L_AW_PU,layer1_all128_top10000_S087_E_L_AW_PU,TRB/set/configs/experiments/layer1_all128_top10000_static_v1/S087_E_L_AW_PU.yaml,existing_reuse
elastic_net,S088_E_L_AW_PW,layer1_all128_top10000_S088_E_L_AW_PW,TRB/set/configs/experiments/layer1_all128_top10000_static_v1/S088_E_L_AW_PW.yaml,existing_reuse
elastic_net,S089_E_L_PU_PW,layer1_all128_top10000_S089_E_L_PU_PW,TRB/set/configs/experiments/layer1_all128_top10000_static_v1/S089_E_L_PU_PW.yaml,existing_reuse
elastic_net,S090_E_AU_AW_PU,layer1_all128_top10000_S090_E_AU_AW_PU,TRB/set/configs/experiments/layer1_all128_top10000_static_v1/S090_E_AU_AW_PU.yaml,existing_reuse
elastic_net,S091_E_AU_AW_PW,layer1_all128_top10000_S091_E_AU_AW_PW,TRB/set/configs/experiments/layer1_all128_top10000_static_v1/S091_E_AU_AW_PW.yaml,existing_reuse
elastic_net,S092_E_AU_PU_PW,layer1_all128_top10000_S092_E_AU_PU_PW,TRB/set/configs/experiments/layer1_all128_top10000_static_v1/S092_E_AU_PU_PW.yaml,existing_reuse
elastic_net,S093_E_AW_PU_PW,layer1_all128_top10000_S093_E_AW_PU_PW,TRB/set/configs/experiments/layer1_all128_top10000_static_v1/S093_E_AW_PU_PW.yaml,existing_reuse
elastic_net,S094_L_AU_AW_PU,layer1_all128_top10000_S094_L_AU_AW_PU,TRB/set/configs/experiments/layer1_all128_top10000_static_v1/S094_L_AU_AW_PU.yaml,existing_reuse
elastic_net,S095_L_AU_AW_PW,layer1_all128_top10000_S095_L_AU_AW_PW,TRB/set/configs/experiments/layer1_all128_top10000_static_v1/S095_L_AU_AW_PW.yaml,existing_reuse
elastic_net,S096_L_AU_PU_PW,layer1_all128_top10000_S096_L_AU_PU_PW,TRB/set/configs/experiments/layer1_all128_top10000_static_v1/S096_L_AU_PU_PW.yaml,existing_reuse
elastic_net,S097_L_AW_PU_PW,layer1_all128_top10000_S097_L_AW_PU_PW,TRB/set/configs/experiments/layer1_all128_top10000_static_v1/S097_L_AW_PU_PW.yaml,existing_reuse
elastic_net,S098_AU_AW_PU_PW,layer1_all128_top10000_S098_AU_AW_PU_PW,TRB/set/configs/experiments/layer1_all128_top10000_static_v1/S098_AU_AW_PU_PW.yaml,existing_reuse
elastic_net,S099_D_E_L_AU_AW,layer1_all128_top10000_S099_D_E_L_AU_AW,TRB/set/configs/experiments/layer1_all128_top10000_static_v1/S099_D_E_L_AU_AW.yaml,existing_reuse
elastic_net,S100_D_E_L_AU_PU,layer1_all128_top10000_S100_D_E_L_AU_PU,TRB/set/configs/experiments/layer1_all128_top10000_static_v1/S100_D_E_L_AU_PU.yaml,existing_reuse
elastic_net,S101_D_E_L_AU_PW,layer1_all128_top10000_S101_D_E_L_AU_PW,TRB/set/configs/experiments/layer1_all128_top10000_static_v1/S101_D_E_L_AU_PW.yaml,existing_reuse
elastic_net,S102_D_E_L_AW_PU,layer1_all128_top10000_S102_D_E_L_AW_PU,TRB/set/configs/experiments/layer1_all128_top10000_static_v1/S102_D_E_L_AW_PU.yaml,existing_reuse
elastic_net,S103_D_E_L_AW_PW,layer1_all128_top10000_S103_D_E_L_AW_PW,TRB/set/configs/experiments/layer1_all128_top10000_static_v1/S103_D_E_L_AW_PW.yaml,existing_reuse
elastic_net,S104_D_E_L_PU_PW,layer1_all128_top10000_S104_D_E_L_PU_PW,TRB/set/configs/experiments/layer1_all128_top10000_static_v1/S104_D_E_L_PU_PW.yaml,existing_reuse
elastic_net,S105_D_E_AU_AW_PU,layer1_all128_top10000_S105_D_E_AU_AW_PU,TRB/set/configs/experiments/layer1_all128_top10000_static_v1/S105_D_E_AU_AW_PU.yaml,existing_reuse
elastic_net,S106_D_E_AU_AW_PW,layer1_all128_top10000_S106_D_E_AU_AW_PW,TRB/set/configs/experiments/layer1_all128_top10000_static_v1/S106_D_E_AU_AW_PW.yaml,existing_reuse
elastic_net,S107_D_E_AU_PU_PW,layer1_all128_top10000_S107_D_E_AU_PU_PW,TRB/set/configs/experiments/layer1_all128_top10000_static_v1/S107_D_E_AU_PU_PW.yaml,existing_reuse
elastic_net,S108_D_E_AW_PU_PW,layer1_all128_top10000_S108_D_E_AW_PU_PW,TRB/set/configs/experiments/layer1_all128_top10000_static_v1/S108_D_E_AW_PU_PW.yaml,existing_reuse
elastic_net,S109_D_L_AU_AW_PU,layer1_all128_top10000_S109_D_L_AU_AW_PU,TRB/set/configs/experiments/layer1_all128_top10000_static_v1/S109_D_L_AU_AW_PU.yaml,existing_reuse
elastic_net,S110_D_L_AU_AW_PW,layer1_all128_top10000_S110_D_L_AU_AW_PW,TRB/set/configs/experiments/layer1_all128_top10000_static_v1/S110_D_L_AU_AW_PW.yaml,existing_reuse
elastic_net,S111_D_L_AU_PU_PW,layer1_all128_top10000_S111_D_L_AU_PU_PW,TRB/set/configs/experiments/layer1_all128_top10000_static_v1/S111_D_L_AU_PU_PW.yaml,existing_reuse
elastic_net,S112_D_L_AW_PU_PW,layer1_all128_top10000_S112_D_L_AW_PU_PW,TRB/set/configs/experiments/layer1_all128_top10000_static_v1/S112_D_L_AW_PU_PW.yaml,existing_reuse
elastic_net,S113_D_AU_AW_PU_PW,layer1_all128_top10000_S113_D_AU_AW_PU_PW,TRB/set/configs/experiments/layer1_all128_top10000_static_v1/S113_D_AU_AW_PU_PW.yaml,existing_reuse
elastic_net,S114_E_L_AU_AW_PU,layer1_all128_top10000_S114_E_L_AU_AW_PU,TRB/set/configs/experiments/layer1_all128_top10000_static_v1/S114_E_L_AU_AW_PU.yaml,existing_reuse
elastic_net,S115_E_L_AU_AW_PW,layer1_all128_top10000_S115_E_L_AU_AW_PW,TRB/set/configs/experiments/layer1_all128_top10000_static_v1/S115_E_L_AU_AW_PW.yaml,existing_reuse
elastic_net,S116_E_L_AU_PU_PW,layer1_all128_top10000_S116_E_L_AU_PU_PW,TRB/set/configs/experiments/layer1_all128_top10000_static_v1/S116_E_L_AU_PU_PW.yaml,existing_reuse
elastic_net,S117_E_L_AW_PU_PW,layer1_all128_top10000_S117_E_L_AW_PU_PW,TRB/set/configs/experiments/layer1_all128_top10000_static_v1/S117_E_L_AW_PU_PW.yaml,existing_reuse
elastic_net,S118_E_AU_AW_PU_PW,layer1_all128_top10000_S118_E_AU_AW_PU_PW,TRB/set/configs/experiments/layer1_all128_top10000_static_v1/S118_E_AU_AW_PU_PW.yaml,existing_reuse
elastic_net,S119_L_AU_AW_PU_PW,layer1_all128_top10000_S119_L_AU_AW_PU_PW,TRB/set/configs/experiments/layer1_all128_top10000_static_v1/S119_L_AU_AW_PU_PW.yaml,existing_reuse
elastic_net,S120_D_E_L_AU_AW_PU,layer1_all128_top10000_S120_D_E_L_AU_AW_PU,TRB/set/configs/experiments/layer1_all128_top10000_static_v1/S120_D_E_L_AU_AW_PU.yaml,existing_reuse
elastic_net,S121_D_E_L_AU_AW_PW,layer1_all128_top10000_S121_D_E_L_AU_AW_PW,TRB/set/configs/experiments/layer1_all128_top10000_static_v1/S121_D_E_L_AU_AW_PW.yaml,existing_reuse
elastic_net,S122_D_E_L_AU_PU_PW,layer1_all128_top10000_S122_D_E_L_AU_PU_PW,TRB/set/configs/experiments/layer1_all128_top10000_static_v1/S122_D_E_L_AU_PU_PW.yaml,existing_reuse
elastic_net,S123_D_E_L_AW_PU_PW,layer1_all128_top10000_S123_D_E_L_AW_PU_PW,TRB/set/configs/experiments/layer1_all128_top10000_static_v1/S123_D_E_L_AW_PU_PW.yaml,existing_reuse
elastic_net,S124_D_E_AU_AW_PU_PW,layer1_all128_top10000_S124_D_E_AU_AW_PU_PW,TRB/set/configs/experiments/layer1_all128_top10000_static_v1/S124_D_E_AU_AW_PU_PW.yaml,existing_reuse
elastic_net,S125_D_L_AU_AW_PU_PW,layer1_all128_top10000_S125_D_L_AU_AW_PU_PW,TRB/set/configs/experiments/layer1_all128_top10000_static_v1/S125_D_L_AU_AW_PU_PW.yaml,existing_reuse
elastic_net,S126_E_L_AU_AW_PU_PW,layer1_all128_top10000_S126_E_L_AU_AW_PU_PW,TRB/set/configs/experiments/layer1_all128_top10000_static_v1/S126_E_L_AU_AW_PU_PW.yaml,existing_reuse
elastic_net,S127_D_E_L_AU_AW_PU_PW,layer1_all128_top10000_S127_D_E_L_AU_AW_PU_PW,TRB/set/configs/experiments/layer1_all128_top10000_static_v1/S127_D_E_L_AU_AW_PU_PW.yaml,existing_reuse
ridge,S000_none,layer1_all5alg_top10000_ridge_S000_none,TRB/set/configs/experiments/layer1_all128_all5alg_top10000_static_v1/ridge/S000_none.yaml,new
ridge,S001_D,layer1_all5alg_top10000_ridge_S001_D,TRB/set/configs/experiments/layer1_all128_all5alg_top10000_static_v1/ridge/S001_D.yaml,new
ridge,S002_E,layer1_all5alg_top10000_ridge_S002_E,TRB/set/configs/experiments/layer1_all128_all5alg_top10000_static_v1/ridge/S002_E.yaml,new
ridge,S003_L,layer1_all5alg_top10000_ridge_S003_L,TRB/set/configs/experiments/layer1_all128_all5alg_top10000_static_v1/ridge/S003_L.yaml,new
ridge,S004_AU,layer1_all5alg_top10000_ridge_S004_AU,TRB/set/configs/experiments/layer1_all128_all5alg_top10000_static_v1/ridge/S004_AU.yaml,new
ridge,S005_AW,layer1_all5alg_top10000_ridge_S005_AW,TRB/set/configs/experiments/layer1_all128_all5alg_top10000_static_v1/ridge/S005_AW.yaml,new
ridge,S006_PU,layer1_all5alg_top10000_ridge_S006_PU,TRB/set/configs/experiments/layer1_all128_all5alg_top10000_static_v1/ridge/S006_PU.yaml,new
ridge,S007_PW,layer1_all5alg_top10000_ridge_S007_PW,TRB/set/configs/experiments/layer1_all128_all5alg_top10000_static_v1/ridge/S007_PW.yaml,new
ridge,S008_D_E,layer1_all5alg_top10000_ridge_S008_D_E,TRB/set/configs/experiments/layer1_all128_all5alg_top10000_static_v1/ridge/S008_D_E.yaml,new
ridge,S009_D_L,layer1_all5alg_top10000_ridge_S009_D_L,TRB/set/configs/experiments/layer1_all128_all5alg_top10000_static_v1/ridge/S009_D_L.yaml,new
ridge,S010_D_AU,layer1_all5alg_top10000_ridge_S010_D_AU,TRB/set/configs/experiments/layer1_all128_all5alg_top10000_static_v1/ridge/S010_D_AU.yaml,new
ridge,S011_D_AW,layer1_all5alg_top10000_ridge_S011_D_AW,TRB/set/configs/experiments/layer1_all128_all5alg_top10000_static_v1/ridge/S011_D_AW.yaml,new
ridge,S012_D_PU,layer1_all5alg_top10000_ridge_S012_D_PU,TRB/set/configs/experiments/layer1_all128_all5alg_top10000_static_v1/ridge/S012_D_PU.yaml,new
ridge,S013_D_PW,layer1_all5alg_top10000_ridge_S013_D_PW,TRB/set/configs/experiments/layer1_all128_all5alg_top10000_static_v1/ridge/S013_D_PW.yaml,new
ridge,S014_E_L,layer1_all5alg_top10000_ridge_S014_E_L,TRB/set/configs/experiments/layer1_all128_all5alg_top10000_static_v1/ridge/S014_E_L.yaml,new
ridge,S015_E_AU,layer1_all5alg_top10000_ridge_S015_E_AU,TRB/set/configs/experiments/layer1_all128_all5alg_top10000_static_v1/ridge/S015_E_AU.yaml,new
ridge,S016_E_AW,layer1_all5alg_top10000_ridge_S016_E_AW,TRB/set/configs/experiments/layer1_all128_all5alg_top10000_static_v1/ridge/S016_E_AW.yaml,new
ridge,S017_E_PU,layer1_all5alg_top10000_ridge_S017_E_PU,TRB/set/configs/experiments/layer1_all128_all5alg_top10000_static_v1/ridge/S017_E_PU.yaml,new
ridge,S018_E_PW,layer1_all5alg_top10000_ridge_S018_E_PW,TRB/set/configs/experiments/layer1_all128_all5alg_top10000_static_v1/ridge/S018_E_PW.yaml,new
ridge,S019_L_AU,layer1_all5alg_top10000_ridge_S019_L_AU,TRB/set/configs/experiments/layer1_all128_all5alg_top10000_static_v1/ridge/S019_L_AU.yaml,new
ridge,S020_L_AW,layer1_all5alg_top10000_ridge_S020_L_AW,TRB/set/configs/experiments/layer1_all128_all5alg_top10000_static_v1/ridge/S020_L_AW.yaml,new
ridge,S021_L_PU,layer1_all5alg_top10000_ridge_S021_L_PU,TRB/set/configs/experiments/layer1_all128_all5alg_top10000_static_v1/ridge/S021_L_PU.yaml,new
ridge,S022_L_PW,layer1_all5alg_top10000_ridge_S022_L_PW,TRB/set/configs/experiments/layer1_all128_all5alg_top10000_static_v1/ridge/S022_L_PW.yaml,new
ridge,S023_AU_AW,layer1_all5alg_top10000_ridge_S023_AU_AW,TRB/set/configs/experiments/layer1_all128_all5alg_top10000_static_v1/ridge/S023_AU_AW.yaml,new
ridge,S024_AU_PU,layer1_all5alg_top10000_ridge_S024_AU_PU,TRB/set/configs/experiments/layer1_all128_all5alg_top10000_static_v1/ridge/S024_AU_PU.yaml,new
ridge,S025_AU_PW,layer1_all5alg_top10000_ridge_S025_AU_PW,TRB/set/configs/experiments/layer1_all128_all5alg_top10000_static_v1/ridge/S025_AU_PW.yaml,new
ridge,S026_AW_PU,layer1_all5alg_top10000_ridge_S026_AW_PU,TRB/set/configs/experiments/layer1_all128_all5alg_top10000_static_v1/ridge/S026_AW_PU.yaml,new
ridge,S027_AW_PW,layer1_all5alg_top10000_ridge_S027_AW_PW,TRB/set/configs/experiments/layer1_all128_all5alg_top10000_static_v1/ridge/S027_AW_PW.yaml,new
ridge,S028_PU_PW,layer1_all5alg_top10000_ridge_S028_PU_PW,TRB/set/configs/experiments/layer1_all128_all5alg_top10000_static_v1/ridge/S028_PU_PW.yaml,new
ridge,S029_D_E_L,layer1_all5alg_top10000_ridge_S029_D_E_L,TRB/set/configs/experiments/layer1_all128_all5alg_top10000_static_v1/ridge/S029_D_E_L.yaml,new
ridge,S030_D_E_AU,layer1_all5alg_top10000_ridge_S030_D_E_AU,TRB/set/configs/experiments/layer1_all128_all5alg_top10000_static_v1/ridge/S030_D_E_AU.yaml,new
ridge,S031_D_E_AW,layer1_all5alg_top10000_ridge_S031_D_E_AW,TRB/set/configs/experiments/layer1_all128_all5alg_top10000_static_v1/ridge/S031_D_E_AW.yaml,new
ridge,S032_D_E_PU,layer1_all5alg_top10000_ridge_S032_D_E_PU,TRB/set/configs/experiments/layer1_all128_all5alg_top10000_static_v1/ridge/S032_D_E_PU.yaml,new
ridge,S033_D_E_PW,layer1_all5alg_top10000_ridge_S033_D_E_PW,TRB/set/configs/experiments/layer1_all128_all5alg_top10000_static_v1/ridge/S033_D_E_PW.yaml,new
ridge,S034_D_L_AU,layer1_all5alg_top10000_ridge_S034_D_L_AU,TRB/set/configs/experiments/layer1_all128_all5alg_top10000_static_v1/ridge/S034_D_L_AU.yaml,new
ridge,S035_D_L_AW,layer1_all5alg_top10000_ridge_S035_D_L_AW,TRB/set/configs/experiments/layer1_all128_all5alg_top10000_static_v1/ridge/S035_D_L_AW.yaml,new
ridge,S036_D_L_PU,layer1_all5alg_top10000_ridge_S036_D_L_PU,TRB/set/configs/experiments/layer1_all128_all5alg_top10000_static_v1/ridge/S036_D_L_PU.yaml,new
ridge,S037_D_L_PW,layer1_all5alg_top10000_ridge_S037_D_L_PW,TRB/set/configs/experiments/layer1_all128_all5alg_top10000_static_v1/ridge/S037_D_L_PW.yaml,new
ridge,S038_D_AU_AW,layer1_all5alg_top10000_ridge_S038_D_AU_AW,TRB/set/configs/experiments/layer1_all128_all5alg_top10000_static_v1/ridge/S038_D_AU_AW.yaml,new
ridge,S039_D_AU_PU,layer1_all5alg_top10000_ridge_S039_D_AU_PU,TRB/set/configs/experiments/layer1_all128_all5alg_top10000_static_v1/ridge/S039_D_AU_PU.yaml,new
ridge,S040_D_AU_PW,layer1_all5alg_top10000_ridge_S040_D_AU_PW,TRB/set/configs/experiments/layer1_all128_all5alg_top10000_static_v1/ridge/S040_D_AU_PW.yaml,new
ridge,S041_D_AW_PU,layer1_all5alg_top10000_ridge_S041_D_AW_PU,TRB/set/configs/experiments/layer1_all128_all5alg_top10000_static_v1/ridge/S041_D_AW_PU.yaml,new
ridge,S042_D_AW_PW,layer1_all5alg_top10000_ridge_S042_D_AW_PW,TRB/set/configs/experiments/layer1_all128_all5alg_top10000_static_v1/ridge/S042_D_AW_PW.yaml,new
ridge,S043_D_PU_PW,layer1_all5alg_top10000_ridge_S043_D_PU_PW,TRB/set/configs/experiments/layer1_all128_all5alg_top10000_static_v1/ridge/S043_D_PU_PW.yaml,new
ridge,S044_E_L_AU,layer1_all5alg_top10000_ridge_S044_E_L_AU,TRB/set/configs/experiments/layer1_all128_all5alg_top10000_static_v1/ridge/S044_E_L_AU.yaml,new
ridge,S045_E_L_AW,layer1_all5alg_top10000_ridge_S045_E_L_AW,TRB/set/configs/experiments/layer1_all128_all5alg_top10000_static_v1/ridge/S045_E_L_AW.yaml,new
ridge,S046_E_L_PU,layer1_all5alg_top10000_ridge_S046_E_L_PU,TRB/set/configs/experiments/layer1_all128_all5alg_top10000_static_v1/ridge/S046_E_L_PU.yaml,new
ridge,S047_E_L_PW,layer1_all5alg_top10000_ridge_S047_E_L_PW,TRB/set/configs/experiments/layer1_all128_all5alg_top10000_static_v1/ridge/S047_E_L_PW.yaml,new
ridge,S048_E_AU_AW,layer1_all5alg_top10000_ridge_S048_E_AU_AW,TRB/set/configs/experiments/layer1_all128_all5alg_top10000_static_v1/ridge/S048_E_AU_AW.yaml,new
ridge,S049_E_AU_PU,layer1_all5alg_top10000_ridge_S049_E_AU_PU,TRB/set/configs/experiments/layer1_all128_all5alg_top10000_static_v1/ridge/S049_E_AU_PU.yaml,new
ridge,S050_E_AU_PW,layer1_all5alg_top10000_ridge_S050_E_AU_PW,TRB/set/configs/experiments/layer1_all128_all5alg_top10000_static_v1/ridge/S050_E_AU_PW.yaml,new
ridge,S051_E_AW_PU,layer1_all5alg_top10000_ridge_S051_E_AW_PU,TRB/set/configs/experiments/layer1_all128_all5alg_top10000_static_v1/ridge/S051_E_AW_PU.yaml,new
ridge,S052_E_AW_PW,layer1_all5alg_top10000_ridge_S052_E_AW_PW,TRB/set/configs/experiments/layer1_all128_all5alg_top10000_static_v1/ridge/S052_E_AW_PW.yaml,new
ridge,S053_E_PU_PW,layer1_all5alg_top10000_ridge_S053_E_PU_PW,TRB/set/configs/experiments/layer1_all128_all5alg_top10000_static_v1/ridge/S053_E_PU_PW.yaml,new
ridge,S054_L_AU_AW,layer1_all5alg_top10000_ridge_S054_L_AU_AW,TRB/set/configs/experiments/layer1_all128_all5alg_top10000_static_v1/ridge/S054_L_AU_AW.yaml,new
ridge,S055_L_AU_PU,layer1_all5alg_top10000_ridge_S055_L_AU_PU,TRB/set/configs/experiments/layer1_all128_all5alg_top10000_static_v1/ridge/S055_L_AU_PU.yaml,new
ridge,S056_L_AU_PW,layer1_all5alg_top10000_ridge_S056_L_AU_PW,TRB/set/configs/experiments/layer1_all128_all5alg_top10000_static_v1/ridge/S056_L_AU_PW.yaml,new
ridge,S057_L_AW_PU,layer1_all5alg_top10000_ridge_S057_L_AW_PU,TRB/set/configs/experiments/layer1_all128_all5alg_top10000_static_v1/ridge/S057_L_AW_PU.yaml,new
ridge,S058_L_AW_PW,layer1_all5alg_top10000_ridge_S058_L_AW_PW,TRB/set/configs/experiments/layer1_all128_all5alg_top10000_static_v1/ridge/S058_L_AW_PW.yaml,new
ridge,S059_L_PU_PW,layer1_all5alg_top10000_ridge_S059_L_PU_PW,TRB/set/configs/experiments/layer1_all128_all5alg_top10000_static_v1/ridge/S059_L_PU_PW.yaml,new
ridge,S060_AU_AW_PU,layer1_all5alg_top10000_ridge_S060_AU_AW_PU,TRB/set/configs/experiments/layer1_all128_all5alg_top10000_static_v1/ridge/S060_AU_AW_PU.yaml,new
ridge,S061_AU_AW_PW,layer1_all5alg_top10000_ridge_S061_AU_AW_PW,TRB/set/configs/experiments/layer1_all128_all5alg_top10000_static_v1/ridge/S061_AU_AW_PW.yaml,new
ridge,S062_AU_PU_PW,layer1_all5alg_top10000_ridge_S062_AU_PU_PW,TRB/set/configs/experiments/layer1_all128_all5alg_top10000_static_v1/ridge/S062_AU_PU_PW.yaml,new
ridge,S063_AW_PU_PW,layer1_all5alg_top10000_ridge_S063_AW_PU_PW,TRB/set/configs/experiments/layer1_all128_all5alg_top10000_static_v1/ridge/S063_AW_PU_PW.yaml,new
ridge,S064_D_E_L_AU,layer1_all5alg_top10000_ridge_S064_D_E_L_AU,TRB/set/configs/experiments/layer1_all128_all5alg_top10000_static_v1/ridge/S064_D_E_L_AU.yaml,new
ridge,S065_D_E_L_AW,layer1_all5alg_top10000_ridge_S065_D_E_L_AW,TRB/set/configs/experiments/layer1_all128_all5alg_top10000_static_v1/ridge/S065_D_E_L_AW.yaml,new
ridge,S066_D_E_L_PU,layer1_all5alg_top10000_ridge_S066_D_E_L_PU,TRB/set/configs/experiments/layer1_all128_all5alg_top10000_static_v1/ridge/S066_D_E_L_PU.yaml,new
ridge,S067_D_E_L_PW,layer1_all5alg_top10000_ridge_S067_D_E_L_PW,TRB/set/configs/experiments/layer1_all128_all5alg_top10000_static_v1/ridge/S067_D_E_L_PW.yaml,new
ridge,S068_D_E_AU_AW,layer1_all5alg_top10000_ridge_S068_D_E_AU_AW,TRB/set/configs/experiments/layer1_all128_all5alg_top10000_static_v1/ridge/S068_D_E_AU_AW.yaml,new
ridge,S069_D_E_AU_PU,layer1_all5alg_top10000_ridge_S069_D_E_AU_PU,TRB/set/configs/experiments/layer1_all128_all5alg_top10000_static_v1/ridge/S069_D_E_AU_PU.yaml,new
ridge,S070_D_E_AU_PW,layer1_all5alg_top10000_ridge_S070_D_E_AU_PW,TRB/set/configs/experiments/layer1_all128_all5alg_top10000_static_v1/ridge/S070_D_E_AU_PW.yaml,new
ridge,S071_D_E_AW_PU,layer1_all5alg_top10000_ridge_S071_D_E_AW_PU,TRB/set/configs/experiments/layer1_all128_all5alg_top10000_static_v1/ridge/S071_D_E_AW_PU.yaml,new
ridge,S072_D_E_AW_PW,layer1_all5alg_top10000_ridge_S072_D_E_AW_PW,TRB/set/configs/experiments/layer1_all128_all5alg_top10000_static_v1/ridge/S072_D_E_AW_PW.yaml,new
ridge,S073_D_E_PU_PW,layer1_all5alg_top10000_ridge_S073_D_E_PU_PW,TRB/set/configs/experiments/layer1_all128_all5alg_top10000_static_v1/ridge/S073_D_E_PU_PW.yaml,new
ridge,S074_D_L_AU_AW,layer1_all5alg_top10000_ridge_S074_D_L_AU_AW,TRB/set/configs/experiments/layer1_all128_all5alg_top10000_static_v1/ridge/S074_D_L_AU_AW.yaml,new
ridge,S075_D_L_AU_PU,layer1_all5alg_top10000_ridge_S075_D_L_AU_PU,TRB/set/configs/experiments/layer1_all128_all5alg_top10000_static_v1/ridge/S075_D_L_AU_PU.yaml,new
ridge,S076_D_L_AU_PW,layer1_all5alg_top10000_ridge_S076_D_L_AU_PW,TRB/set/configs/experiments/layer1_all128_all5alg_top10000_static_v1/ridge/S076_D_L_AU_PW.yaml,new
ridge,S077_D_L_AW_PU,layer1_all5alg_top10000_ridge_S077_D_L_AW_PU,TRB/set/configs/experiments/layer1_all128_all5alg_top10000_static_v1/ridge/S077_D_L_AW_PU.yaml,new
ridge,S078_D_L_AW_PW,layer1_all5alg_top10000_ridge_S078_D_L_AW_PW,TRB/set/configs/experiments/layer1_all128_all5alg_top10000_static_v1/ridge/S078_D_L_AW_PW.yaml,new
ridge,S079_D_L_PU_PW,layer1_all5alg_top10000_ridge_S079_D_L_PU_PW,TRB/set/configs/experiments/layer1_all128_all5alg_top10000_static_v1/ridge/S079_D_L_PU_PW.yaml,new
ridge,S080_D_AU_AW_PU,layer1_all5alg_top10000_ridge_S080_D_AU_AW_PU,TRB/set/configs/experiments/layer1_all128_all5alg_top10000_static_v1/ridge/S080_D_AU_AW_PU.yaml,new
ridge,S081_D_AU_AW_PW,layer1_all5alg_top10000_ridge_S081_D_AU_AW_PW,TRB/set/configs/experiments/layer1_all128_all5alg_top10000_static_v1/ridge/S081_D_AU_AW_PW.yaml,new
ridge,S082_D_AU_PU_PW,layer1_all5alg_top10000_ridge_S082_D_AU_PU_PW,TRB/set/configs/experiments/layer1_all128_all5alg_top10000_static_v1/ridge/S082_D_AU_PU_PW.yaml,new
ridge,S083_D_AW_PU_PW,layer1_all5alg_top10000_ridge_S083_D_AW_PU_PW,TRB/set/configs/experiments/layer1_all128_all5alg_top10000_static_v1/ridge/S083_D_AW_PU_PW.yaml,new
ridge,S084_E_L_AU_AW,layer1_all5alg_top10000_ridge_S084_E_L_AU_AW,TRB/set/configs/experiments/layer1_all128_all5alg_top10000_static_v1/ridge/S084_E_L_AU_AW.yaml,new
ridge,S085_E_L_AU_PU,layer1_all5alg_top10000_ridge_S085_E_L_AU_PU,TRB/set/configs/experiments/layer1_all128_all5alg_top10000_static_v1/ridge/S085_E_L_AU_PU.yaml,new
ridge,S086_E_L_AU_PW,layer1_all5alg_top10000_ridge_S086_E_L_AU_PW,TRB/set/configs/experiments/layer1_all128_all5alg_top10000_static_v1/ridge/S086_E_L_AU_PW.yaml,new
ridge,S087_E_L_AW_PU,layer1_all5alg_top10000_ridge_S087_E_L_AW_PU,TRB/set/configs/experiments/layer1_all128_all5alg_top10000_static_v1/ridge/S087_E_L_AW_PU.yaml,new
ridge,S088_E_L_AW_PW,layer1_all5alg_top10000_ridge_S088_E_L_AW_PW,TRB/set/configs/experiments/layer1_all128_all5alg_top10000_static_v1/ridge/S088_E_L_AW_PW.yaml,new
ridge,S089_E_L_PU_PW,layer1_all5alg_top10000_ridge_S089_E_L_PU_PW,TRB/set/configs/experiments/layer1_all128_all5alg_top10000_static_v1/ridge/S089_E_L_PU_PW.yaml,new
ridge,S090_E_AU_AW_PU,layer1_all5alg_top10000_ridge_S090_E_AU_AW_PU,TRB/set/configs/experiments/layer1_all128_all5alg_top10000_static_v1/ridge/S090_E_AU_AW_PU.yaml,new
ridge,S091_E_AU_AW_PW,layer1_all5alg_top10000_ridge_S091_E_AU_AW_PW,TRB/set/configs/experiments/layer1_all128_all5alg_top10000_static_v1/ridge/S091_E_AU_AW_PW.yaml,new
ridge,S092_E_AU_PU_PW,layer1_all5alg_top10000_ridge_S092_E_AU_PU_PW,TRB/set/configs/experiments/layer1_all128_all5alg_top10000_static_v1/ridge/S092_E_AU_PU_PW.yaml,new
ridge,S093_E_AW_PU_PW,layer1_all5alg_top10000_ridge_S093_E_AW_PU_PW,TRB/set/configs/experiments/layer1_all128_all5alg_top10000_static_v1/ridge/S093_E_AW_PU_PW.yaml,new
ridge,S094_L_AU_AW_PU,layer1_all5alg_top10000_ridge_S094_L_AU_AW_PU,TRB/set/configs/experiments/layer1_all128_all5alg_top10000_static_v1/ridge/S094_L_AU_AW_PU.yaml,new
ridge,S095_L_AU_AW_PW,layer1_all5alg_top10000_ridge_S095_L_AU_AW_PW,TRB/set/configs/experiments/layer1_all128_all5alg_top10000_static_v1/ridge/S095_L_AU_AW_PW.yaml,new
ridge,S096_L_AU_PU_PW,layer1_all5alg_top10000_ridge_S096_L_AU_PU_PW,TRB/set/configs/experiments/layer1_all128_all5alg_top10000_static_v1/ridge/S096_L_AU_PU_PW.yaml,new
ridge,S097_L_AW_PU_PW,layer1_all5alg_top10000_ridge_S097_L_AW_PU_PW,TRB/set/configs/experiments/layer1_all128_all5alg_top10000_static_v1/ridge/S097_L_AW_PU_PW.yaml,new
ridge,S098_AU_AW_PU_PW,layer1_all5alg_top10000_ridge_S098_AU_AW_PU_PW,TRB/set/configs/experiments/layer1_all128_all5alg_top10000_static_v1/ridge/S098_AU_AW_PU_PW.yaml,new
ridge,S099_D_E_L_AU_AW,layer1_all5alg_top10000_ridge_S099_D_E_L_AU_AW,TRB/set/configs/experiments/layer1_all128_all5alg_top10000_static_v1/ridge/S099_D_E_L_AU_AW.yaml,new
ridge,S100_D_E_L_AU_PU,layer1_all5alg_top10000_ridge_S100_D_E_L_AU_PU,TRB/set/configs/experiments/layer1_all128_all5alg_top10000_static_v1/ridge/S100_D_E_L_AU_PU.yaml,new
ridge,S101_D_E_L_AU_PW,layer1_all5alg_top10000_ridge_S101_D_E_L_AU_PW,TRB/set/configs/experiments/layer1_all128_all5alg_top10000_static_v1/ridge/S101_D_E_L_AU_PW.yaml,new
ridge,S102_D_E_L_AW_PU,layer1_all5alg_top10000_ridge_S102_D_E_L_AW_PU,TRB/set/configs/experiments/layer1_all128_all5alg_top10000_static_v1/ridge/S102_D_E_L_AW_PU.yaml,new
ridge,S103_D_E_L_AW_PW,layer1_all5alg_top10000_ridge_S103_D_E_L_AW_PW,TRB/set/configs/experiments/layer1_all128_all5alg_top10000_static_v1/ridge/S103_D_E_L_AW_PW.yaml,new
ridge,S104_D_E_L_PU_PW,layer1_all5alg_top10000_ridge_S104_D_E_L_PU_PW,TRB/set/configs/experiments/layer1_all128_all5alg_top10000_static_v1/ridge/S104_D_E_L_PU_PW.yaml,new
ridge,S105_D_E_AU_AW_PU,layer1_all5alg_top10000_ridge_S105_D_E_AU_AW_PU,TRB/set/configs/experiments/layer1_all128_all5alg_top10000_static_v1/ridge/S105_D_E_AU_AW_PU.yaml,new
ridge,S106_D_E_AU_AW_PW,layer1_all5alg_top10000_ridge_S106_D_E_AU_AW_PW,TRB/set/configs/experiments/layer1_all128_all5alg_top10000_static_v1/ridge/S106_D_E_AU_AW_PW.yaml,new
ridge,S107_D_E_AU_PU_PW,layer1_all5alg_top10000_ridge_S107_D_E_AU_PU_PW,TRB/set/configs/experiments/layer1_all128_all5alg_top10000_static_v1/ridge/S107_D_E_AU_PU_PW.yaml,new
ridge,S108_D_E_AW_PU_PW,layer1_all5alg_top10000_ridge_S108_D_E_AW_PU_PW,TRB/set/configs/experiments/layer1_all128_all5alg_top10000_static_v1/ridge/S108_D_E_AW_PU_PW.yaml,new
ridge,S109_D_L_AU_AW_PU,layer1_all5alg_top10000_ridge_S109_D_L_AU_AW_PU,TRB/set/configs/experiments/layer1_all128_all5alg_top10000_static_v1/ridge/S109_D_L_AU_AW_PU.yaml,new
ridge,S110_D_L_AU_AW_PW,layer1_all5alg_top10000_ridge_S110_D_L_AU_AW_PW,TRB/set/configs/experiments/layer1_all128_all5alg_top10000_static_v1/ridge/S110_D_L_AU_AW_PW.yaml,new
ridge,S111_D_L_AU_PU_PW,layer1_all5alg_top10000_ridge_S111_D_L_AU_PU_PW,TRB/set/configs/experiments/layer1_all128_all5alg_top10000_static_v1/ridge/S111_D_L_AU_PU_PW.yaml,new
ridge,S112_D_L_AW_PU_PW,layer1_all5alg_top10000_ridge_S112_D_L_AW_PU_PW,TRB/set/configs/experiments/layer1_all128_all5alg_top10000_static_v1/ridge/S112_D_L_AW_PU_PW.yaml,new
ridge,S113_D_AU_AW_PU_PW,layer1_all5alg_top10000_ridge_S113_D_AU_AW_PU_PW,TRB/set/configs/experiments/layer1_all128_all5alg_top10000_static_v1/ridge/S113_D_AU_AW_PU_PW.yaml,new
ridge,S114_E_L_AU_AW_PU,layer1_all5alg_top10000_ridge_S114_E_L_AU_AW_PU,TRB/set/configs/experiments/layer1_all128_all5alg_top10000_static_v1/ridge/S114_E_L_AU_AW_PU.yaml,new
ridge,S115_E_L_AU_AW_PW,layer1_all5alg_top10000_ridge_S115_E_L_AU_AW_PW,TRB/set/configs/experiments/layer1_all128_all5alg_top10000_static_v1/ridge/S115_E_L_AU_AW_PW.yaml,new
ridge,S116_E_L_AU_PU_PW,layer1_all5alg_top10000_ridge_S116_E_L_AU_PU_PW,TRB/set/configs/experiments/layer1_all128_all5alg_top10000_static_v1/ridge/S116_E_L_AU_PU_PW.yaml,new
ridge,S117_E_L_AW_PU_PW,layer1_all5alg_top10000_ridge_S117_E_L_AW_PU_PW,TRB/set/configs/experiments/layer1_all128_all5alg_top10000_static_v1/ridge/S117_E_L_AW_PU_PW.yaml,new
ridge,S118_E_AU_AW_PU_PW,layer1_all5alg_top10000_ridge_S118_E_AU_AW_PU_PW,TRB/set/configs/experiments/layer1_all128_all5alg_top10000_static_v1/ridge/S118_E_AU_AW_PU_PW.yaml,new
ridge,S119_L_AU_AW_PU_PW,layer1_all5alg_top10000_ridge_S119_L_AU_AW_PU_PW,TRB/set/configs/experiments/layer1_all128_all5alg_top10000_static_v1/ridge/S119_L_AU_AW_PU_PW.yaml,new
ridge,S120_D_E_L_AU_AW_PU,layer1_all5alg_top10000_ridge_S120_D_E_L_AU_AW_PU,TRB/set/configs/experiments/layer1_all128_all5alg_top10000_static_v1/ridge/S120_D_E_L_AU_AW_PU.yaml,new
ridge,S121_D_E_L_AU_AW_PW,layer1_all5alg_top10000_ridge_S121_D_E_L_AU_AW_PW,TRB/set/configs/experiments/layer1_all128_all5alg_top10000_static_v1/ridge/S121_D_E_L_AU_AW_PW.yaml,new
ridge,S122_D_E_L_AU_PU_PW,layer1_all5alg_top10000_ridge_S122_D_E_L_AU_PU_PW,TRB/set/configs/experiments/layer1_all128_all5alg_top10000_static_v1/ridge/S122_D_E_L_AU_PU_PW.yaml,new
ridge,S123_D_E_L_AW_PU_PW,layer1_all5alg_top10000_ridge_S123_D_E_L_AW_PU_PW,TRB/set/configs/experiments/layer1_all128_all5alg_top10000_static_v1/ridge/S123_D_E_L_AW_PU_PW.yaml,new
ridge,S124_D_E_AU_AW_PU_PW,layer1_all5alg_top10000_ridge_S124_D_E_AU_AW_PU_PW,TRB/set/configs/experiments/layer1_all128_all5alg_top10000_static_v1/ridge/S124_D_E_AU_AW_PU_PW.yaml,new
ridge,S125_D_L_AU_AW_PU_PW,layer1_all5alg_top10000_ridge_S125_D_L_AU_AW_PU_PW,TRB/set/configs/experiments/layer1_all128_all5alg_top10000_static_v1/ridge/S125_D_L_AU_AW_PU_PW.yaml,new
ridge,S126_E_L_AU_AW_PU_PW,layer1_all5alg_top10000_ridge_S126_E_L_AU_AW_PU_PW,TRB/set/configs/experiments/layer1_all128_all5alg_top10000_static_v1/ridge/S126_E_L_AU_AW_PU_PW.yaml,new
ridge,S127_D_E_L_AU_AW_PU_PW,layer1_all5alg_top10000_ridge_S127_D_E_L_AU_AW_PU_PW,TRB/set/configs/experiments/layer1_all128_all5alg_top10000_static_v1/ridge/S127_D_E_L_AU_AW_PU_PW.yaml,new
lasso,S000_none,layer1_all5alg_top10000_lasso_S000_none,TRB/set/configs/experiments/layer1_all128_all5alg_top10000_static_v1/lasso/S000_none.yaml,new
lasso,S001_D,layer1_all5alg_top10000_lasso_S001_D,TRB/set/configs/experiments/layer1_all128_all5alg_top10000_static_v1/lasso/S001_D.yaml,new
lasso,S002_E,layer1_all5alg_top10000_lasso_S002_E,TRB/set/configs/experiments/layer1_all128_all5alg_top10000_static_v1/lasso/S002_E.yaml,new
lasso,S003_L,layer1_all5alg_top10000_lasso_S003_L,TRB/set/configs/experiments/layer1_all128_all5alg_top10000_static_v1/lasso/S003_L.yaml,new
lasso,S004_AU,layer1_all5alg_top10000_lasso_S004_AU,TRB/set/configs/experiments/layer1_all128_all5alg_top10000_static_v1/lasso/S004_AU.yaml,new
lasso,S005_AW,layer1_all5alg_top10000_lasso_S005_AW,TRB/set/configs/experiments/layer1_all128_all5alg_top10000_static_v1/lasso/S005_AW.yaml,new
lasso,S006_PU,layer1_all5alg_top10000_lasso_S006_PU,TRB/set/configs/experiments/layer1_all128_all5alg_top10000_static_v1/lasso/S006_PU.yaml,new
lasso,S007_PW,layer1_all5alg_top10000_lasso_S007_PW,TRB/set/configs/experiments/layer1_all128_all5alg_top10000_static_v1/lasso/S007_PW.yaml,new
lasso,S008_D_E,layer1_all5alg_top10000_lasso_S008_D_E,TRB/set/configs/experiments/layer1_all128_all5alg_top10000_static_v1/lasso/S008_D_E.yaml,new
lasso,S009_D_L,layer1_all5alg_top10000_lasso_S009_D_L,TRB/set/configs/experiments/layer1_all128_all5alg_top10000_static_v1/lasso/S009_D_L.yaml,new
lasso,S010_D_AU,layer1_all5alg_top10000_lasso_S010_D_AU,TRB/set/configs/experiments/layer1_all128_all5alg_top10000_static_v1/lasso/S010_D_AU.yaml,new
lasso,S011_D_AW,layer1_all5alg_top10000_lasso_S011_D_AW,TRB/set/configs/experiments/layer1_all128_all5alg_top10000_static_v1/lasso/S011_D_AW.yaml,new
lasso,S012_D_PU,layer1_all5alg_top10000_lasso_S012_D_PU,TRB/set/configs/experiments/layer1_all128_all5alg_top10000_static_v1/lasso/S012_D_PU.yaml,new
lasso,S013_D_PW,layer1_all5alg_top10000_lasso_S013_D_PW,TRB/set/configs/experiments/layer1_all128_all5alg_top10000_static_v1/lasso/S013_D_PW.yaml,new
lasso,S014_E_L,layer1_all5alg_top10000_lasso_S014_E_L,TRB/set/configs/experiments/layer1_all128_all5alg_top10000_static_v1/lasso/S014_E_L.yaml,new
lasso,S015_E_AU,layer1_all5alg_top10000_lasso_S015_E_AU,TRB/set/configs/experiments/layer1_all128_all5alg_top10000_static_v1/lasso/S015_E_AU.yaml,new
lasso,S016_E_AW,layer1_all5alg_top10000_lasso_S016_E_AW,TRB/set/configs/experiments/layer1_all128_all5alg_top10000_static_v1/lasso/S016_E_AW.yaml,new
lasso,S017_E_PU,layer1_all5alg_top10000_lasso_S017_E_PU,TRB/set/configs/experiments/layer1_all128_all5alg_top10000_static_v1/lasso/S017_E_PU.yaml,new
lasso,S018_E_PW,layer1_all5alg_top10000_lasso_S018_E_PW,TRB/set/configs/experiments/layer1_all128_all5alg_top10000_static_v1/lasso/S018_E_PW.yaml,new
lasso,S019_L_AU,layer1_all5alg_top10000_lasso_S019_L_AU,TRB/set/configs/experiments/layer1_all128_all5alg_top10000_static_v1/lasso/S019_L_AU.yaml,new
lasso,S020_L_AW,layer1_all5alg_top10000_lasso_S020_L_AW,TRB/set/configs/experiments/layer1_all128_all5alg_top10000_static_v1/lasso/S020_L_AW.yaml,new
lasso,S021_L_PU,layer1_all5alg_top10000_lasso_S021_L_PU,TRB/set/configs/experiments/layer1_all128_all5alg_top10000_static_v1/lasso/S021_L_PU.yaml,new
lasso,S022_L_PW,layer1_all5alg_top10000_lasso_S022_L_PW,TRB/set/configs/experiments/layer1_all128_all5alg_top10000_static_v1/lasso/S022_L_PW.yaml,new
lasso,S023_AU_AW,layer1_all5alg_top10000_lasso_S023_AU_AW,TRB/set/configs/experiments/layer1_all128_all5alg_top10000_static_v1/lasso/S023_AU_AW.yaml,new
lasso,S024_AU_PU,layer1_all5alg_top10000_lasso_S024_AU_PU,TRB/set/configs/experiments/layer1_all128_all5alg_top10000_static_v1/lasso/S024_AU_PU.yaml,new
lasso,S025_AU_PW,layer1_all5alg_top10000_lasso_S025_AU_PW,TRB/set/configs/experiments/layer1_all128_all5alg_top10000_static_v1/lasso/S025_AU_PW.yaml,new
lasso,S026_AW_PU,layer1_all5alg_top10000_lasso_S026_AW_PU,TRB/set/configs/experiments/layer1_all128_all5alg_top10000_static_v1/lasso/S026_AW_PU.yaml,new
lasso,S027_AW_PW,layer1_all5alg_top10000_lasso_S027_AW_PW,TRB/set/configs/experiments/layer1_all128_all5alg_top10000_static_v1/lasso/S027_AW_PW.yaml,new
lasso,S028_PU_PW,layer1_all5alg_top10000_lasso_S028_PU_PW,TRB/set/configs/experiments/layer1_all128_all5alg_top10000_static_v1/lasso/S028_PU_PW.yaml,new
lasso,S029_D_E_L,layer1_all5alg_top10000_lasso_S029_D_E_L,TRB/set/configs/experiments/layer1_all128_all5alg_top10000_static_v1/lasso/S029_D_E_L.yaml,new
lasso,S030_D_E_AU,layer1_all5alg_top10000_lasso_S030_D_E_AU,TRB/set/configs/experiments/layer1_all128_all5alg_top10000_static_v1/lasso/S030_D_E_AU.yaml,new
lasso,S031_D_E_AW,layer1_all5alg_top10000_lasso_S031_D_E_AW,TRB/set/configs/experiments/layer1_all128_all5alg_top10000_static_v1/lasso/S031_D_E_AW.yaml,new
lasso,S032_D_E_PU,layer1_all5alg_top10000_lasso_S032_D_E_PU,TRB/set/configs/experiments/layer1_all128_all5alg_top10000_static_v1/lasso/S032_D_E_PU.yaml,new
lasso,S033_D_E_PW,layer1_all5alg_top10000_lasso_S033_D_E_PW,TRB/set/configs/experiments/layer1_all128_all5alg_top10000_static_v1/lasso/S033_D_E_PW.yaml,new
lasso,S034_D_L_AU,layer1_all5alg_top10000_lasso_S034_D_L_AU,TRB/set/configs/experiments/layer1_all128_all5alg_top10000_static_v1/lasso/S034_D_L_AU.yaml,new
lasso,S035_D_L_AW,layer1_all5alg_top10000_lasso_S035_D_L_AW,TRB/set/configs/experiments/layer1_all128_all5alg_top10000_static_v1/lasso/S035_D_L_AW.yaml,new
lasso,S036_D_L_PU,layer1_all5alg_top10000_lasso_S036_D_L_PU,TRB/set/configs/experiments/layer1_all128_all5alg_top10000_static_v1/lasso/S036_D_L_PU.yaml,new
lasso,S037_D_L_PW,layer1_all5alg_top10000_lasso_S037_D_L_PW,TRB/set/configs/experiments/layer1_all128_all5alg_top10000_static_v1/lasso/S037_D_L_PW.yaml,new
lasso,S038_D_AU_AW,layer1_all5alg_top10000_lasso_S038_D_AU_AW,TRB/set/configs/experiments/layer1_all128_all5alg_top10000_static_v1/lasso/S038_D_AU_AW.yaml,new
lasso,S039_D_AU_PU,layer1_all5alg_top10000_lasso_S039_D_AU_PU,TRB/set/configs/experiments/layer1_all128_all5alg_top10000_static_v1/lasso/S039_D_AU_PU.yaml,new
lasso,S040_D_AU_PW,layer1_all5alg_top10000_lasso_S040_D_AU_PW,TRB/set/configs/experiments/layer1_all128_all5alg_top10000_static_v1/lasso/S040_D_AU_PW.yaml,new
lasso,S041_D_AW_PU,layer1_all5alg_top10000_lasso_S041_D_AW_PU,TRB/set/configs/experiments/layer1_all128_all5alg_top10000_static_v1/lasso/S041_D_AW_PU.yaml,new
lasso,S042_D_AW_PW,layer1_all5alg_top10000_lasso_S042_D_AW_PW,TRB/set/configs/experiments/layer1_all128_all5alg_top10000_static_v1/lasso/S042_D_AW_PW.yaml,new
lasso,S043_D_PU_PW,layer1_all5alg_top10000_lasso_S043_D_PU_PW,TRB/set/configs/experiments/layer1_all128_all5alg_top10000_static_v1/lasso/S043_D_PU_PW.yaml,new
lasso,S044_E_L_AU,layer1_all5alg_top10000_lasso_S044_E_L_AU,TRB/set/configs/experiments/layer1_all128_all5alg_top10000_static_v1/lasso/S044_E_L_AU.yaml,new
lasso,S045_E_L_AW,layer1_all5alg_top10000_lasso_S045_E_L_AW,TRB/set/configs/experiments/layer1_all128_all5alg_top10000_static_v1/lasso/S045_E_L_AW.yaml,new
lasso,S046_E_L_PU,layer1_all5alg_top10000_lasso_S046_E_L_PU,TRB/set/configs/experiments/layer1_all128_all5alg_top10000_static_v1/lasso/S046_E_L_PU.yaml,new
lasso,S047_E_L_PW,layer1_all5alg_top10000_lasso_S047_E_L_PW,TRB/set/configs/experiments/layer1_all128_all5alg_top10000_static_v1/lasso/S047_E_L_PW.yaml,new
lasso,S048_E_AU_AW,layer1_all5alg_top10000_lasso_S048_E_AU_AW,TRB/set/configs/experiments/layer1_all128_all5alg_top10000_static_v1/lasso/S048_E_AU_AW.yaml,new
lasso,S049_E_AU_PU,layer1_all5alg_top10000_lasso_S049_E_AU_PU,TRB/set/configs/experiments/layer1_all128_all5alg_top10000_static_v1/lasso/S049_E_AU_PU.yaml,new
lasso,S050_E_AU_PW,layer1_all5alg_top10000_lasso_S050_E_AU_PW,TRB/set/configs/experiments/layer1_all128_all5alg_top10000_static_v1/lasso/S050_E_AU_PW.yaml,new
lasso,S051_E_AW_PU,layer1_all5alg_top10000_lasso_S051_E_AW_PU,TRB/set/configs/experiments/layer1_all128_all5alg_top10000_static_v1/lasso/S051_E_AW_PU.yaml,new
lasso,S052_E_AW_PW,layer1_all5alg_top10000_lasso_S052_E_AW_PW,TRB/set/configs/experiments/layer1_all128_all5alg_top10000_static_v1/lasso/S052_E_AW_PW.yaml,new
lasso,S053_E_PU_PW,layer1_all5alg_top10000_lasso_S053_E_PU_PW,TRB/set/configs/experiments/layer1_all128_all5alg_top10000_static_v1/lasso/S053_E_PU_PW.yaml,new
lasso,S054_L_AU_AW,layer1_all5alg_top10000_lasso_S054_L_AU_AW,TRB/set/configs/experiments/layer1_all128_all5alg_top10000_static_v1/lasso/S054_L_AU_AW.yaml,new
lasso,S055_L_AU_PU,layer1_all5alg_top10000_lasso_S055_L_AU_PU,TRB/set/configs/experiments/layer1_all128_all5alg_top10000_static_v1/lasso/S055_L_AU_PU.yaml,new
lasso,S056_L_AU_PW,layer1_all5alg_top10000_lasso_S056_L_AU_PW,TRB/set/configs/experiments/layer1_all128_all5alg_top10000_static_v1/lasso/S056_L_AU_PW.yaml,new
lasso,S057_L_AW_PU,layer1_all5alg_top10000_lasso_S057_L_AW_PU,TRB/set/configs/experiments/layer1_all128_all5alg_top10000_static_v1/lasso/S057_L_AW_PU.yaml,new
lasso,S058_L_AW_PW,layer1_all5alg_top10000_lasso_S058_L_AW_PW,TRB/set/configs/experiments/layer1_all128_all5alg_top10000_static_v1/lasso/S058_L_AW_PW.yaml,new
lasso,S059_L_PU_PW,layer1_all5alg_top10000_lasso_S059_L_PU_PW,TRB/set/configs/experiments/layer1_all128_all5alg_top10000_static_v1/lasso/S059_L_PU_PW.yaml,new
lasso,S060_AU_AW_PU,layer1_all5alg_top10000_lasso_S060_AU_AW_PU,TRB/set/configs/experiments/layer1_all128_all5alg_top10000_static_v1/lasso/S060_AU_AW_PU.yaml,new
lasso,S061_AU_AW_PW,layer1_all5alg_top10000_lasso_S061_AU_AW_PW,TRB/set/configs/experiments/layer1_all128_all5alg_top10000_static_v1/lasso/S061_AU_AW_PW.yaml,new
lasso,S062_AU_PU_PW,layer1_all5alg_top10000_lasso_S062_AU_PU_PW,TRB/set/configs/experiments/layer1_all128_all5alg_top10000_static_v1/lasso/S062_AU_PU_PW.yaml,new
lasso,S063_AW_PU_PW,layer1_all5alg_top10000_lasso_S063_AW_PU_PW,TRB/set/configs/experiments/layer1_all128_all5alg_top10000_static_v1/lasso/S063_AW_PU_PW.yaml,new
lasso,S064_D_E_L_AU,layer1_all5alg_top10000_lasso_S064_D_E_L_AU,TRB/set/configs/experiments/layer1_all128_all5alg_top10000_static_v1/lasso/S064_D_E_L_AU.yaml,new
lasso,S065_D_E_L_AW,layer1_all5alg_top10000_lasso_S065_D_E_L_AW,TRB/set/configs/experiments/layer1_all128_all5alg_top10000_static_v1/lasso/S065_D_E_L_AW.yaml,new
lasso,S066_D_E_L_PU,layer1_all5alg_top10000_lasso_S066_D_E_L_PU,TRB/set/configs/experiments/layer1_all128_all5alg_top10000_static_v1/lasso/S066_D_E_L_PU.yaml,new
lasso,S067_D_E_L_PW,layer1_all5alg_top10000_lasso_S067_D_E_L_PW,TRB/set/configs/experiments/layer1_all128_all5alg_top10000_static_v1/lasso/S067_D_E_L_PW.yaml,new
lasso,S068_D_E_AU_AW,layer1_all5alg_top10000_lasso_S068_D_E_AU_AW,TRB/set/configs/experiments/layer1_all128_all5alg_top10000_static_v1/lasso/S068_D_E_AU_AW.yaml,new
lasso,S069_D_E_AU_PU,layer1_all5alg_top10000_lasso_S069_D_E_AU_PU,TRB/set/configs/experiments/layer1_all128_all5alg_top10000_static_v1/lasso/S069_D_E_AU_PU.yaml,new
lasso,S070_D_E_AU_PW,layer1_all5alg_top10000_lasso_S070_D_E_AU_PW,TRB/set/configs/experiments/layer1_all128_all5alg_top10000_static_v1/lasso/S070_D_E_AU_PW.yaml,new
lasso,S071_D_E_AW_PU,layer1_all5alg_top10000_lasso_S071_D_E_AW_PU,TRB/set/configs/experiments/layer1_all128_all5alg_top10000_static_v1/lasso/S071_D_E_AW_PU.yaml,new
lasso,S072_D_E_AW_PW,layer1_all5alg_top10000_lasso_S072_D_E_AW_PW,TRB/set/configs/experiments/layer1_all128_all5alg_top10000_static_v1/lasso/S072_D_E_AW_PW.yaml,new
lasso,S073_D_E_PU_PW,layer1_all5alg_top10000_lasso_S073_D_E_PU_PW,TRB/set/configs/experiments/layer1_all128_all5alg_top10000_static_v1/lasso/S073_D_E_PU_PW.yaml,new
lasso,S074_D_L_AU_AW,layer1_all5alg_top10000_lasso_S074_D_L_AU_AW,TRB/set/configs/experiments/layer1_all128_all5alg_top10000_static_v1/lasso/S074_D_L_AU_AW.yaml,new
lasso,S075_D_L_AU_PU,layer1_all5alg_top10000_lasso_S075_D_L_AU_PU,TRB/set/configs/experiments/layer1_all128_all5alg_top10000_static_v1/lasso/S075_D_L_AU_PU.yaml,new
lasso,S076_D_L_AU_PW,layer1_all5alg_top10000_lasso_S076_D_L_AU_PW,TRB/set/configs/experiments/layer1_all128_all5alg_top10000_static_v1/lasso/S076_D_L_AU_PW.yaml,new
lasso,S077_D_L_AW_PU,layer1_all5alg_top10000_lasso_S077_D_L_AW_PU,TRB/set/configs/experiments/layer1_all128_all5alg_top10000_static_v1/lasso/S077_D_L_AW_PU.yaml,new
lasso,S078_D_L_AW_PW,layer1_all5alg_top10000_lasso_S078_D_L_AW_PW,TRB/set/configs/experiments/layer1_all128_all5alg_top10000_static_v1/lasso/S078_D_L_AW_PW.yaml,new
lasso,S079_D_L_PU_PW,layer1_all5alg_top10000_lasso_S079_D_L_PU_PW,TRB/set/configs/experiments/layer1_all128_all5alg_top10000_static_v1/lasso/S079_D_L_PU_PW.yaml,new
lasso,S080_D_AU_AW_PU,layer1_all5alg_top10000_lasso_S080_D_AU_AW_PU,TRB/set/configs/experiments/layer1_all128_all5alg_top10000_static_v1/lasso/S080_D_AU_AW_PU.yaml,new
lasso,S081_D_AU_AW_PW,layer1_all5alg_top10000_lasso_S081_D_AU_AW_PW,TRB/set/configs/experiments/layer1_all128_all5alg_top10000_static_v1/lasso/S081_D_AU_AW_PW.yaml,new
lasso,S082_D_AU_PU_PW,layer1_all5alg_top10000_lasso_S082_D_AU_PU_PW,TRB/set/configs/experiments/layer1_all128_all5alg_top10000_static_v1/lasso/S082_D_AU_PU_PW.yaml,new
lasso,S083_D_AW_PU_PW,layer1_all5alg_top10000_lasso_S083_D_AW_PU_PW,TRB/set/configs/experiments/layer1_all128_all5alg_top10000_static_v1/lasso/S083_D_AW_PU_PW.yaml,new
lasso,S084_E_L_AU_AW,layer1_all5alg_top10000_lasso_S084_E_L_AU_AW,TRB/set/configs/experiments/layer1_all128_all5alg_top10000_static_v1/lasso/S084_E_L_AU_AW.yaml,new
lasso,S085_E_L_AU_PU,layer1_all5alg_top10000_lasso_S085_E_L_AU_PU,TRB/set/configs/experiments/layer1_all128_all5alg_top10000_static_v1/lasso/S085_E_L_AU_PU.yaml,new
lasso,S086_E_L_AU_PW,layer1_all5alg_top10000_lasso_S086_E_L_AU_PW,TRB/set/configs/experiments/layer1_all128_all5alg_top10000_static_v1/lasso/S086_E_L_AU_PW.yaml,new
lasso,S087_E_L_AW_PU,layer1_all5alg_top10000_lasso_S087_E_L_AW_PU,TRB/set/configs/experiments/layer1_all128_all5alg_top10000_static_v1/lasso/S087_E_L_AW_PU.yaml,new
lasso,S088_E_L_AW_PW,layer1_all5alg_top10000_lasso_S088_E_L_AW_PW,TRB/set/configs/experiments/layer1_all128_all5alg_top10000_static_v1/lasso/S088_E_L_AW_PW.yaml,new
lasso,S089_E_L_PU_PW,layer1_all5alg_top10000_lasso_S089_E_L_PU_PW,TRB/set/configs/experiments/layer1_all128_all5alg_top10000_static_v1/lasso/S089_E_L_PU_PW.yaml,new
lasso,S090_E_AU_AW_PU,layer1_all5alg_top10000_lasso_S090_E_AU_AW_PU,TRB/set/configs/experiments/layer1_all128_all5alg_top10000_static_v1/lasso/S090_E_AU_AW_PU.yaml,new
lasso,S091_E_AU_AW_PW,layer1_all5alg_top10000_lasso_S091_E_AU_AW_PW,TRB/set/configs/experiments/layer1_all128_all5alg_top10000_static_v1/lasso/S091_E_AU_AW_PW.yaml,new
lasso,S092_E_AU_PU_PW,layer1_all5alg_top10000_lasso_S092_E_AU_PU_PW,TRB/set/configs/experiments/layer1_all128_all5alg_top10000_static_v1/lasso/S092_E_AU_PU_PW.yaml,new
lasso,S093_E_AW_PU_PW,layer1_all5alg_top10000_lasso_S093_E_AW_PU_PW,TRB/set/configs/experiments/layer1_all128_all5alg_top10000_static_v1/lasso/S093_E_AW_PU_PW.yaml,new
lasso,S094_L_AU_AW_PU,layer1_all5alg_top10000_lasso_S094_L_AU_AW_PU,TRB/set/configs/experiments/layer1_all128_all5alg_top10000_static_v1/lasso/S094_L_AU_AW_PU.yaml,new
lasso,S095_L_AU_AW_PW,layer1_all5alg_top10000_lasso_S095_L_AU_AW_PW,TRB/set/configs/experiments/layer1_all128_all5alg_top10000_static_v1/lasso/S095_L_AU_AW_PW.yaml,new
lasso,S096_L_AU_PU_PW,layer1_all5alg_top10000_lasso_S096_L_AU_PU_PW,TRB/set/configs/experiments/layer1_all128_all5alg_top10000_static_v1/lasso/S096_L_AU_PU_PW.yaml,new
lasso,S097_L_AW_PU_PW,layer1_all5alg_top10000_lasso_S097_L_AW_PU_PW,TRB/set/configs/experiments/layer1_all128_all5alg_top10000_static_v1/lasso/S097_L_AW_PU_PW.yaml,new
lasso,S098_AU_AW_PU_PW,layer1_all5alg_top10000_lasso_S098_AU_AW_PU_PW,TRB/set/configs/experiments/layer1_all128_all5alg_top10000_static_v1/lasso/S098_AU_AW_PU_PW.yaml,new
lasso,S099_D_E_L_AU_AW,layer1_all5alg_top10000_lasso_S099_D_E_L_AU_AW,TRB/set/configs/experiments/layer1_all128_all5alg_top10000_static_v1/lasso/S099_D_E_L_AU_AW.yaml,new
lasso,S100_D_E_L_AU_PU,layer1_all5alg_top10000_lasso_S100_D_E_L_AU_PU,TRB/set/configs/experiments/layer1_all128_all5alg_top10000_static_v1/lasso/S100_D_E_L_AU_PU.yaml,new
lasso,S101_D_E_L_AU_PW,layer1_all5alg_top10000_lasso_S101_D_E_L_AU_PW,TRB/set/configs/experiments/layer1_all128_all5alg_top10000_static_v1/lasso/S101_D_E_L_AU_PW.yaml,new
lasso,S102_D_E_L_AW_PU,layer1_all5alg_top10000_lasso_S102_D_E_L_AW_PU,TRB/set/configs/experiments/layer1_all128_all5alg_top10000_static_v1/lasso/S102_D_E_L_AW_PU.yaml,new
lasso,S103_D_E_L_AW_PW,layer1_all5alg_top10000_lasso_S103_D_E_L_AW_PW,TRB/set/configs/experiments/layer1_all128_all5alg_top10000_static_v1/lasso/S103_D_E_L_AW_PW.yaml,new
lasso,S104_D_E_L_PU_PW,layer1_all5alg_top10000_lasso_S104_D_E_L_PU_PW,TRB/set/configs/experiments/layer1_all128_all5alg_top10000_static_v1/lasso/S104_D_E_L_PU_PW.yaml,new
lasso,S105_D_E_AU_AW_PU,layer1_all5alg_top10000_lasso_S105_D_E_AU_AW_PU,TRB/set/configs/experiments/layer1_all128_all5alg_top10000_static_v1/lasso/S105_D_E_AU_AW_PU.yaml,new
lasso,S106_D_E_AU_AW_PW,layer1_all5alg_top10000_lasso_S106_D_E_AU_AW_PW,TRB/set/configs/experiments/layer1_all128_all5alg_top10000_static_v1/lasso/S106_D_E_AU_AW_PW.yaml,new
lasso,S107_D_E_AU_PU_PW,layer1_all5alg_top10000_lasso_S107_D_E_AU_PU_PW,TRB/set/configs/experiments/layer1_all128_all5alg_top10000_static_v1/lasso/S107_D_E_AU_PU_PW.yaml,new
lasso,S108_D_E_AW_PU_PW,layer1_all5alg_top10000_lasso_S108_D_E_AW_PU_PW,TRB/set/configs/experiments/layer1_all128_all5alg_top10000_static_v1/lasso/S108_D_E_AW_PU_PW.yaml,new
lasso,S109_D_L_AU_AW_PU,layer1_all5alg_top10000_lasso_S109_D_L_AU_AW_PU,TRB/set/configs/experiments/layer1_all128_all5alg_top10000_static_v1/lasso/S109_D_L_AU_AW_PU.yaml,new
lasso,S110_D_L_AU_AW_PW,layer1_all5alg_top10000_lasso_S110_D_L_AU_AW_PW,TRB/set/configs/experiments/layer1_all128_all5alg_top10000_static_v1/lasso/S110_D_L_AU_AW_PW.yaml,new
lasso,S111_D_L_AU_PU_PW,layer1_all5alg_top10000_lasso_S111_D_L_AU_PU_PW,TRB/set/configs/experiments/layer1_all128_all5alg_top10000_static_v1/lasso/S111_D_L_AU_PU_PW.yaml,new
lasso,S112_D_L_AW_PU_PW,layer1_all5alg_top10000_lasso_S112_D_L_AW_PU_PW,TRB/set/configs/experiments/layer1_all128_all5alg_top10000_static_v1/lasso/S112_D_L_AW_PU_PW.yaml,new
lasso,S113_D_AU_AW_PU_PW,layer1_all5alg_top10000_lasso_S113_D_AU_AW_PU_PW,TRB/set/configs/experiments/layer1_all128_all5alg_top10000_static_v1/lasso/S113_D_AU_AW_PU_PW.yaml,new
lasso,S114_E_L_AU_AW_PU,layer1_all5alg_top10000_lasso_S114_E_L_AU_AW_PU,TRB/set/configs/experiments/layer1_all128_all5alg_top10000_static_v1/lasso/S114_E_L_AU_AW_PU.yaml,new
lasso,S115_E_L_AU_AW_PW,layer1_all5alg_top10000_lasso_S115_E_L_AU_AW_PW,TRB/set/configs/experiments/layer1_all128_all5alg_top10000_static_v1/lasso/S115_E_L_AU_AW_PW.yaml,new
lasso,S116_E_L_AU_PU_PW,layer1_all5alg_top10000_lasso_S116_E_L_AU_PU_PW,TRB/set/configs/experiments/layer1_all128_all5alg_top10000_static_v1/lasso/S116_E_L_AU_PU_PW.yaml,new
lasso,S117_E_L_AW_PU_PW,layer1_all5alg_top10000_lasso_S117_E_L_AW_PU_PW,TRB/set/configs/experiments/layer1_all128_all5alg_top10000_static_v1/lasso/S117_E_L_AW_PU_PW.yaml,new
lasso,S118_E_AU_AW_PU_PW,layer1_all5alg_top10000_lasso_S118_E_AU_AW_PU_PW,TRB/set/configs/experiments/layer1_all128_all5alg_top10000_static_v1/lasso/S118_E_AU_AW_PU_PW.yaml,new
lasso,S119_L_AU_AW_PU_PW,layer1_all5alg_top10000_lasso_S119_L_AU_AW_PU_PW,TRB/set/configs/experiments/layer1_all128_all5alg_top10000_static_v1/lasso/S119_L_AU_AW_PU_PW.yaml,new
lasso,S120_D_E_L_AU_AW_PU,layer1_all5alg_top10000_lasso_S120_D_E_L_AU_AW_PU,TRB/set/configs/experiments/layer1_all128_all5alg_top10000_static_v1/lasso/S120_D_E_L_AU_AW_PU.yaml,new
lasso,S121_D_E_L_AU_AW_PW,layer1_all5alg_top10000_lasso_S121_D_E_L_AU_AW_PW,TRB/set/configs/experiments/layer1_all128_all5alg_top10000_static_v1/lasso/S121_D_E_L_AU_AW_PW.yaml,new
lasso,S122_D_E_L_AU_PU_PW,layer1_all5alg_top10000_lasso_S122_D_E_L_AU_PU_PW,TRB/set/configs/experiments/layer1_all128_all5alg_top10000_static_v1/lasso/S122_D_E_L_AU_PU_PW.yaml,new
lasso,S123_D_E_L_AW_PU_PW,layer1_all5alg_top10000_lasso_S123_D_E_L_AW_PU_PW,TRB/set/configs/experiments/layer1_all128_all5alg_top10000_static_v1/lasso/S123_D_E_L_AW_PU_PW.yaml,new
lasso,S124_D_E_AU_AW_PU_PW,layer1_all5alg_top10000_lasso_S124_D_E_AU_AW_PU_PW,TRB/set/configs/experiments/layer1_all128_all5alg_top10000_static_v1/lasso/S124_D_E_AU_AW_PU_PW.yaml,new
lasso,S125_D_L_AU_AW_PU_PW,layer1_all5alg_top10000_lasso_S125_D_L_AU_AW_PU_PW,TRB/set/configs/experiments/layer1_all128_all5alg_top10000_static_v1/lasso/S125_D_L_AU_AW_PU_PW.yaml,new
lasso,S126_E_L_AU_AW_PU_PW,layer1_all5alg_top10000_lasso_S126_E_L_AU_AW_PU_PW,TRB/set/configs/experiments/layer1_all128_all5alg_top10000_static_v1/lasso/S126_E_L_AU_AW_PU_PW.yaml,new
lasso,S127_D_E_L_AU_AW_PU_PW,layer1_all5alg_top10000_lasso_S127_D_E_L_AU_AW_PU_PW,TRB/set/configs/experiments/layer1_all128_all5alg_top10000_static_v1/lasso/S127_D_E_L_AU_AW_PU_PW.yaml,new
linear_svm,S000_none,layer1_all5alg_top10000_linear_svm_S000_none,TRB/set/configs/experiments/layer1_all128_all5alg_top10000_static_v1/linear_svm/S000_none.yaml,new
linear_svm,S001_D,layer1_all5alg_top10000_linear_svm_S001_D,TRB/set/configs/experiments/layer1_all128_all5alg_top10000_static_v1/linear_svm/S001_D.yaml,new
linear_svm,S002_E,layer1_all5alg_top10000_linear_svm_S002_E,TRB/set/configs/experiments/layer1_all128_all5alg_top10000_static_v1/linear_svm/S002_E.yaml,new
linear_svm,S003_L,layer1_all5alg_top10000_linear_svm_S003_L,TRB/set/configs/experiments/layer1_all128_all5alg_top10000_static_v1/linear_svm/S003_L.yaml,new
linear_svm,S004_AU,layer1_all5alg_top10000_linear_svm_S004_AU,TRB/set/configs/experiments/layer1_all128_all5alg_top10000_static_v1/linear_svm/S004_AU.yaml,new
linear_svm,S005_AW,layer1_all5alg_top10000_linear_svm_S005_AW,TRB/set/configs/experiments/layer1_all128_all5alg_top10000_static_v1/linear_svm/S005_AW.yaml,new
linear_svm,S006_PU,layer1_all5alg_top10000_linear_svm_S006_PU,TRB/set/configs/experiments/layer1_all128_all5alg_top10000_static_v1/linear_svm/S006_PU.yaml,new
linear_svm,S007_PW,layer1_all5alg_top10000_linear_svm_S007_PW,TRB/set/configs/experiments/layer1_all128_all5alg_top10000_static_v1/linear_svm/S007_PW.yaml,new
linear_svm,S008_D_E,layer1_all5alg_top10000_linear_svm_S008_D_E,TRB/set/configs/experiments/layer1_all128_all5alg_top10000_static_v1/linear_svm/S008_D_E.yaml,new
linear_svm,S009_D_L,layer1_all5alg_top10000_linear_svm_S009_D_L,TRB/set/configs/experiments/layer1_all128_all5alg_top10000_static_v1/linear_svm/S009_D_L.yaml,new
linear_svm,S010_D_AU,layer1_all5alg_top10000_linear_svm_S010_D_AU,TRB/set/configs/experiments/layer1_all128_all5alg_top10000_static_v1/linear_svm/S010_D_AU.yaml,new
linear_svm,S011_D_AW,layer1_all5alg_top10000_linear_svm_S011_D_AW,TRB/set/configs/experiments/layer1_all128_all5alg_top10000_static_v1/linear_svm/S011_D_AW.yaml,new
linear_svm,S012_D_PU,layer1_all5alg_top10000_linear_svm_S012_D_PU,TRB/set/configs/experiments/layer1_all128_all5alg_top10000_static_v1/linear_svm/S012_D_PU.yaml,new
linear_svm,S013_D_PW,layer1_all5alg_top10000_linear_svm_S013_D_PW,TRB/set/configs/experiments/layer1_all128_all5alg_top10000_static_v1/linear_svm/S013_D_PW.yaml,new
linear_svm,S014_E_L,layer1_all5alg_top10000_linear_svm_S014_E_L,TRB/set/configs/experiments/layer1_all128_all5alg_top10000_static_v1/linear_svm/S014_E_L.yaml,new
linear_svm,S015_E_AU,layer1_all5alg_top10000_linear_svm_S015_E_AU,TRB/set/configs/experiments/layer1_all128_all5alg_top10000_static_v1/linear_svm/S015_E_AU.yaml,new
linear_svm,S016_E_AW,layer1_all5alg_top10000_linear_svm_S016_E_AW,TRB/set/configs/experiments/layer1_all128_all5alg_top10000_static_v1/linear_svm/S016_E_AW.yaml,new
linear_svm,S017_E_PU,layer1_all5alg_top10000_linear_svm_S017_E_PU,TRB/set/configs/experiments/layer1_all128_all5alg_top10000_static_v1/linear_svm/S017_E_PU.yaml,new
linear_svm,S018_E_PW,layer1_all5alg_top10000_linear_svm_S018_E_PW,TRB/set/configs/experiments/layer1_all128_all5alg_top10000_static_v1/linear_svm/S018_E_PW.yaml,new
linear_svm,S019_L_AU,layer1_all5alg_top10000_linear_svm_S019_L_AU,TRB/set/configs/experiments/layer1_all128_all5alg_top10000_static_v1/linear_svm/S019_L_AU.yaml,new
linear_svm,S020_L_AW,layer1_all5alg_top10000_linear_svm_S020_L_AW,TRB/set/configs/experiments/layer1_all128_all5alg_top10000_static_v1/linear_svm/S020_L_AW.yaml,new
linear_svm,S021_L_PU,layer1_all5alg_top10000_linear_svm_S021_L_PU,TRB/set/configs/experiments/layer1_all128_all5alg_top10000_static_v1/linear_svm/S021_L_PU.yaml,new
linear_svm,S022_L_PW,layer1_all5alg_top10000_linear_svm_S022_L_PW,TRB/set/configs/experiments/layer1_all128_all5alg_top10000_static_v1/linear_svm/S022_L_PW.yaml,new
linear_svm,S023_AU_AW,layer1_all5alg_top10000_linear_svm_S023_AU_AW,TRB/set/configs/experiments/layer1_all128_all5alg_top10000_static_v1/linear_svm/S023_AU_AW.yaml,new
linear_svm,S024_AU_PU,layer1_all5alg_top10000_linear_svm_S024_AU_PU,TRB/set/configs/experiments/layer1_all128_all5alg_top10000_static_v1/linear_svm/S024_AU_PU.yaml,new
linear_svm,S025_AU_PW,layer1_all5alg_top10000_linear_svm_S025_AU_PW,TRB/set/configs/experiments/layer1_all128_all5alg_top10000_static_v1/linear_svm/S025_AU_PW.yaml,new
linear_svm,S026_AW_PU,layer1_all5alg_top10000_linear_svm_S026_AW_PU,TRB/set/configs/experiments/layer1_all128_all5alg_top10000_static_v1/linear_svm/S026_AW_PU.yaml,new
linear_svm,S027_AW_PW,layer1_all5alg_top10000_linear_svm_S027_AW_PW,TRB/set/configs/experiments/layer1_all128_all5alg_top10000_static_v1/linear_svm/S027_AW_PW.yaml,new
linear_svm,S028_PU_PW,layer1_all5alg_top10000_linear_svm_S028_PU_PW,TRB/set/configs/experiments/layer1_all128_all5alg_top10000_static_v1/linear_svm/S028_PU_PW.yaml,new
linear_svm,S029_D_E_L,layer1_all5alg_top10000_linear_svm_S029_D_E_L,TRB/set/configs/experiments/layer1_all128_all5alg_top10000_static_v1/linear_svm/S029_D_E_L.yaml,new
linear_svm,S030_D_E_AU,layer1_all5alg_top10000_linear_svm_S030_D_E_AU,TRB/set/configs/experiments/layer1_all128_all5alg_top10000_static_v1/linear_svm/S030_D_E_AU.yaml,new
linear_svm,S031_D_E_AW,layer1_all5alg_top10000_linear_svm_S031_D_E_AW,TRB/set/configs/experiments/layer1_all128_all5alg_top10000_static_v1/linear_svm/S031_D_E_AW.yaml,new
linear_svm,S032_D_E_PU,layer1_all5alg_top10000_linear_svm_S032_D_E_PU,TRB/set/configs/experiments/layer1_all128_all5alg_top10000_static_v1/linear_svm/S032_D_E_PU.yaml,new
linear_svm,S033_D_E_PW,layer1_all5alg_top10000_linear_svm_S033_D_E_PW,TRB/set/configs/experiments/layer1_all128_all5alg_top10000_static_v1/linear_svm/S033_D_E_PW.yaml,new
linear_svm,S034_D_L_AU,layer1_all5alg_top10000_linear_svm_S034_D_L_AU,TRB/set/configs/experiments/layer1_all128_all5alg_top10000_static_v1/linear_svm/S034_D_L_AU.yaml,new
linear_svm,S035_D_L_AW,layer1_all5alg_top10000_linear_svm_S035_D_L_AW,TRB/set/configs/experiments/layer1_all128_all5alg_top10000_static_v1/linear_svm/S035_D_L_AW.yaml,new
linear_svm,S036_D_L_PU,layer1_all5alg_top10000_linear_svm_S036_D_L_PU,TRB/set/configs/experiments/layer1_all128_all5alg_top10000_static_v1/linear_svm/S036_D_L_PU.yaml,new
linear_svm,S037_D_L_PW,layer1_all5alg_top10000_linear_svm_S037_D_L_PW,TRB/set/configs/experiments/layer1_all128_all5alg_top10000_static_v1/linear_svm/S037_D_L_PW.yaml,new
linear_svm,S038_D_AU_AW,layer1_all5alg_top10000_linear_svm_S038_D_AU_AW,TRB/set/configs/experiments/layer1_all128_all5alg_top10000_static_v1/linear_svm/S038_D_AU_AW.yaml,new
linear_svm,S039_D_AU_PU,layer1_all5alg_top10000_linear_svm_S039_D_AU_PU,TRB/set/configs/experiments/layer1_all128_all5alg_top10000_static_v1/linear_svm/S039_D_AU_PU.yaml,new
linear_svm,S040_D_AU_PW,layer1_all5alg_top10000_linear_svm_S040_D_AU_PW,TRB/set/configs/experiments/layer1_all128_all5alg_top10000_static_v1/linear_svm/S040_D_AU_PW.yaml,new
linear_svm,S041_D_AW_PU,layer1_all5alg_top10000_linear_svm_S041_D_AW_PU,TRB/set/configs/experiments/layer1_all128_all5alg_top10000_static_v1/linear_svm/S041_D_AW_PU.yaml,new
linear_svm,S042_D_AW_PW,layer1_all5alg_top10000_linear_svm_S042_D_AW_PW,TRB/set/configs/experiments/layer1_all128_all5alg_top10000_static_v1/linear_svm/S042_D_AW_PW.yaml,new
linear_svm,S043_D_PU_PW,layer1_all5alg_top10000_linear_svm_S043_D_PU_PW,TRB/set/configs/experiments/layer1_all128_all5alg_top10000_static_v1/linear_svm/S043_D_PU_PW.yaml,new
linear_svm,S044_E_L_AU,layer1_all5alg_top10000_linear_svm_S044_E_L_AU,TRB/set/configs/experiments/layer1_all128_all5alg_top10000_static_v1/linear_svm/S044_E_L_AU.yaml,new
linear_svm,S045_E_L_AW,layer1_all5alg_top10000_linear_svm_S045_E_L_AW,TRB/set/configs/experiments/layer1_all128_all5alg_top10000_static_v1/linear_svm/S045_E_L_AW.yaml,new
linear_svm,S046_E_L_PU,layer1_all5alg_top10000_linear_svm_S046_E_L_PU,TRB/set/configs/experiments/layer1_all128_all5alg_top10000_static_v1/linear_svm/S046_E_L_PU.yaml,new
linear_svm,S047_E_L_PW,layer1_all5alg_top10000_linear_svm_S047_E_L_PW,TRB/set/configs/experiments/layer1_all128_all5alg_top10000_static_v1/linear_svm/S047_E_L_PW.yaml,new
linear_svm,S048_E_AU_AW,layer1_all5alg_top10000_linear_svm_S048_E_AU_AW,TRB/set/configs/experiments/layer1_all128_all5alg_top10000_static_v1/linear_svm/S048_E_AU_AW.yaml,new
linear_svm,S049_E_AU_PU,layer1_all5alg_top10000_linear_svm_S049_E_AU_PU,TRB/set/configs/experiments/layer1_all128_all5alg_top10000_static_v1/linear_svm/S049_E_AU_PU.yaml,new
linear_svm,S050_E_AU_PW,layer1_all5alg_top10000_linear_svm_S050_E_AU_PW,TRB/set/configs/experiments/layer1_all128_all5alg_top10000_static_v1/linear_svm/S050_E_AU_PW.yaml,new
linear_svm,S051_E_AW_PU,layer1_all5alg_top10000_linear_svm_S051_E_AW_PU,TRB/set/configs/experiments/layer1_all128_all5alg_top10000_static_v1/linear_svm/S051_E_AW_PU.yaml,new
linear_svm,S052_E_AW_PW,layer1_all5alg_top10000_linear_svm_S052_E_AW_PW,TRB/set/configs/experiments/layer1_all128_all5alg_top10000_static_v1/linear_svm/S052_E_AW_PW.yaml,new
linear_svm,S053_E_PU_PW,layer1_all5alg_top10000_linear_svm_S053_E_PU_PW,TRB/set/configs/experiments/layer1_all128_all5alg_top10000_static_v1/linear_svm/S053_E_PU_PW.yaml,new
linear_svm,S054_L_AU_AW,layer1_all5alg_top10000_linear_svm_S054_L_AU_AW,TRB/set/configs/experiments/layer1_all128_all5alg_top10000_static_v1/linear_svm/S054_L_AU_AW.yaml,new
linear_svm,S055_L_AU_PU,layer1_all5alg_top10000_linear_svm_S055_L_AU_PU,TRB/set/configs/experiments/layer1_all128_all5alg_top10000_static_v1/linear_svm/S055_L_AU_PU.yaml,new
linear_svm,S056_L_AU_PW,layer1_all5alg_top10000_linear_svm_S056_L_AU_PW,TRB/set/configs/experiments/layer1_all128_all5alg_top10000_static_v1/linear_svm/S056_L_AU_PW.yaml,new
linear_svm,S057_L_AW_PU,layer1_all5alg_top10000_linear_svm_S057_L_AW_PU,TRB/set/configs/experiments/layer1_all128_all5alg_top10000_static_v1/linear_svm/S057_L_AW_PU.yaml,new
linear_svm,S058_L_AW_PW,layer1_all5alg_top10000_linear_svm_S058_L_AW_PW,TRB/set/configs/experiments/layer1_all128_all5alg_top10000_static_v1/linear_svm/S058_L_AW_PW.yaml,new
linear_svm,S059_L_PU_PW,layer1_all5alg_top10000_linear_svm_S059_L_PU_PW,TRB/set/configs/experiments/layer1_all128_all5alg_top10000_static_v1/linear_svm/S059_L_PU_PW.yaml,new
linear_svm,S060_AU_AW_PU,layer1_all5alg_top10000_linear_svm_S060_AU_AW_PU,TRB/set/configs/experiments/layer1_all128_all5alg_top10000_static_v1/linear_svm/S060_AU_AW_PU.yaml,new
linear_svm,S061_AU_AW_PW,layer1_all5alg_top10000_linear_svm_S061_AU_AW_PW,TRB/set/configs/experiments/layer1_all128_all5alg_top10000_static_v1/linear_svm/S061_AU_AW_PW.yaml,new
linear_svm,S062_AU_PU_PW,layer1_all5alg_top10000_linear_svm_S062_AU_PU_PW,TRB/set/configs/experiments/layer1_all128_all5alg_top10000_static_v1/linear_svm/S062_AU_PU_PW.yaml,new
linear_svm,S063_AW_PU_PW,layer1_all5alg_top10000_linear_svm_S063_AW_PU_PW,TRB/set/configs/experiments/layer1_all128_all5alg_top10000_static_v1/linear_svm/S063_AW_PU_PW.yaml,new
linear_svm,S064_D_E_L_AU,layer1_all5alg_top10000_linear_svm_S064_D_E_L_AU,TRB/set/configs/experiments/layer1_all128_all5alg_top10000_static_v1/linear_svm/S064_D_E_L_AU.yaml,new
linear_svm,S065_D_E_L_AW,layer1_all5alg_top10000_linear_svm_S065_D_E_L_AW,TRB/set/configs/experiments/layer1_all128_all5alg_top10000_static_v1/linear_svm/S065_D_E_L_AW.yaml,new
linear_svm,S066_D_E_L_PU,layer1_all5alg_top10000_linear_svm_S066_D_E_L_PU,TRB/set/configs/experiments/layer1_all128_all5alg_top10000_static_v1/linear_svm/S066_D_E_L_PU.yaml,new
linear_svm,S067_D_E_L_PW,layer1_all5alg_top10000_linear_svm_S067_D_E_L_PW,TRB/set/configs/experiments/layer1_all128_all5alg_top10000_static_v1/linear_svm/S067_D_E_L_PW.yaml,new
linear_svm,S068_D_E_AU_AW,layer1_all5alg_top10000_linear_svm_S068_D_E_AU_AW,TRB/set/configs/experiments/layer1_all128_all5alg_top10000_static_v1/linear_svm/S068_D_E_AU_AW.yaml,new
linear_svm,S069_D_E_AU_PU,layer1_all5alg_top10000_linear_svm_S069_D_E_AU_PU,TRB/set/configs/experiments/layer1_all128_all5alg_top10000_static_v1/linear_svm/S069_D_E_AU_PU.yaml,new
linear_svm,S070_D_E_AU_PW,layer1_all5alg_top10000_linear_svm_S070_D_E_AU_PW,TRB/set/configs/experiments/layer1_all128_all5alg_top10000_static_v1/linear_svm/S070_D_E_AU_PW.yaml,new
linear_svm,S071_D_E_AW_PU,layer1_all5alg_top10000_linear_svm_S071_D_E_AW_PU,TRB/set/configs/experiments/layer1_all128_all5alg_top10000_static_v1/linear_svm/S071_D_E_AW_PU.yaml,new
linear_svm,S072_D_E_AW_PW,layer1_all5alg_top10000_linear_svm_S072_D_E_AW_PW,TRB/set/configs/experiments/layer1_all128_all5alg_top10000_static_v1/linear_svm/S072_D_E_AW_PW.yaml,new
linear_svm,S073_D_E_PU_PW,layer1_all5alg_top10000_linear_svm_S073_D_E_PU_PW,TRB/set/configs/experiments/layer1_all128_all5alg_top10000_static_v1/linear_svm/S073_D_E_PU_PW.yaml,new
linear_svm,S074_D_L_AU_AW,layer1_all5alg_top10000_linear_svm_S074_D_L_AU_AW,TRB/set/configs/experiments/layer1_all128_all5alg_top10000_static_v1/linear_svm/S074_D_L_AU_AW.yaml,new
linear_svm,S075_D_L_AU_PU,layer1_all5alg_top10000_linear_svm_S075_D_L_AU_PU,TRB/set/configs/experiments/layer1_all128_all5alg_top10000_static_v1/linear_svm/S075_D_L_AU_PU.yaml,new
linear_svm,S076_D_L_AU_PW,layer1_all5alg_top10000_linear_svm_S076_D_L_AU_PW,TRB/set/configs/experiments/layer1_all128_all5alg_top10000_static_v1/linear_svm/S076_D_L_AU_PW.yaml,new
linear_svm,S077_D_L_AW_PU,layer1_all5alg_top10000_linear_svm_S077_D_L_AW_PU,TRB/set/configs/experiments/layer1_all128_all5alg_top10000_static_v1/linear_svm/S077_D_L_AW_PU.yaml,new
linear_svm,S078_D_L_AW_PW,layer1_all5alg_top10000_linear_svm_S078_D_L_AW_PW,TRB/set/configs/experiments/layer1_all128_all5alg_top10000_static_v1/linear_svm/S078_D_L_AW_PW.yaml,new
linear_svm,S079_D_L_PU_PW,layer1_all5alg_top10000_linear_svm_S079_D_L_PU_PW,TRB/set/configs/experiments/layer1_all128_all5alg_top10000_static_v1/linear_svm/S079_D_L_PU_PW.yaml,new
linear_svm,S080_D_AU_AW_PU,layer1_all5alg_top10000_linear_svm_S080_D_AU_AW_PU,TRB/set/configs/experiments/layer1_all128_all5alg_top10000_static_v1/linear_svm/S080_D_AU_AW_PU.yaml,new
linear_svm,S081_D_AU_AW_PW,layer1_all5alg_top10000_linear_svm_S081_D_AU_AW_PW,TRB/set/configs/experiments/layer1_all128_all5alg_top10000_static_v1/linear_svm/S081_D_AU_AW_PW.yaml,new
linear_svm,S082_D_AU_PU_PW,layer1_all5alg_top10000_linear_svm_S082_D_AU_PU_PW,TRB/set/configs/experiments/layer1_all128_all5alg_top10000_static_v1/linear_svm/S082_D_AU_PU_PW.yaml,new
linear_svm,S083_D_AW_PU_PW,layer1_all5alg_top10000_linear_svm_S083_D_AW_PU_PW,TRB/set/configs/experiments/layer1_all128_all5alg_top10000_static_v1/linear_svm/S083_D_AW_PU_PW.yaml,new
linear_svm,S084_E_L_AU_AW,layer1_all5alg_top10000_linear_svm_S084_E_L_AU_AW,TRB/set/configs/experiments/layer1_all128_all5alg_top10000_static_v1/linear_svm/S084_E_L_AU_AW.yaml,new
linear_svm,S085_E_L_AU_PU,layer1_all5alg_top10000_linear_svm_S085_E_L_AU_PU,TRB/set/configs/experiments/layer1_all128_all5alg_top10000_static_v1/linear_svm/S085_E_L_AU_PU.yaml,new
linear_svm,S086_E_L_AU_PW,layer1_all5alg_top10000_linear_svm_S086_E_L_AU_PW,TRB/set/configs/experiments/layer1_all128_all5alg_top10000_static_v1/linear_svm/S086_E_L_AU_PW.yaml,new
linear_svm,S087_E_L_AW_PU,layer1_all5alg_top10000_linear_svm_S087_E_L_AW_PU,TRB/set/configs/experiments/layer1_all128_all5alg_top10000_static_v1/linear_svm/S087_E_L_AW_PU.yaml,new
linear_svm,S088_E_L_AW_PW,layer1_all5alg_top10000_linear_svm_S088_E_L_AW_PW,TRB/set/configs/experiments/layer1_all128_all5alg_top10000_static_v1/linear_svm/S088_E_L_AW_PW.yaml,new
linear_svm,S089_E_L_PU_PW,layer1_all5alg_top10000_linear_svm_S089_E_L_PU_PW,TRB/set/configs/experiments/layer1_all128_all5alg_top10000_static_v1/linear_svm/S089_E_L_PU_PW.yaml,new
linear_svm,S090_E_AU_AW_PU,layer1_all5alg_top10000_linear_svm_S090_E_AU_AW_PU,TRB/set/configs/experiments/layer1_all128_all5alg_top10000_static_v1/linear_svm/S090_E_AU_AW_PU.yaml,new
linear_svm,S091_E_AU_AW_PW,layer1_all5alg_top10000_linear_svm_S091_E_AU_AW_PW,TRB/set/configs/experiments/layer1_all128_all5alg_top10000_static_v1/linear_svm/S091_E_AU_AW_PW.yaml,new
linear_svm,S092_E_AU_PU_PW,layer1_all5alg_top10000_linear_svm_S092_E_AU_PU_PW,TRB/set/configs/experiments/layer1_all128_all5alg_top10000_static_v1/linear_svm/S092_E_AU_PU_PW.yaml,new
linear_svm,S093_E_AW_PU_PW,layer1_all5alg_top10000_linear_svm_S093_E_AW_PU_PW,TRB/set/configs/experiments/layer1_all128_all5alg_top10000_static_v1/linear_svm/S093_E_AW_PU_PW.yaml,new
linear_svm,S094_L_AU_AW_PU,layer1_all5alg_top10000_linear_svm_S094_L_AU_AW_PU,TRB/set/configs/experiments/layer1_all128_all5alg_top10000_static_v1/linear_svm/S094_L_AU_AW_PU.yaml,new
linear_svm,S095_L_AU_AW_PW,layer1_all5alg_top10000_linear_svm_S095_L_AU_AW_PW,TRB/set/configs/experiments/layer1_all128_all5alg_top10000_static_v1/linear_svm/S095_L_AU_AW_PW.yaml,new
linear_svm,S096_L_AU_PU_PW,layer1_all5alg_top10000_linear_svm_S096_L_AU_PU_PW,TRB/set/configs/experiments/layer1_all128_all5alg_top10000_static_v1/linear_svm/S096_L_AU_PU_PW.yaml,new
linear_svm,S097_L_AW_PU_PW,layer1_all5alg_top10000_linear_svm_S097_L_AW_PU_PW,TRB/set/configs/experiments/layer1_all128_all5alg_top10000_static_v1/linear_svm/S097_L_AW_PU_PW.yaml,new
linear_svm,S098_AU_AW_PU_PW,layer1_all5alg_top10000_linear_svm_S098_AU_AW_PU_PW,TRB/set/configs/experiments/layer1_all128_all5alg_top10000_static_v1/linear_svm/S098_AU_AW_PU_PW.yaml,new
linear_svm,S099_D_E_L_AU_AW,layer1_all5alg_top10000_linear_svm_S099_D_E_L_AU_AW,TRB/set/configs/experiments/layer1_all128_all5alg_top10000_static_v1/linear_svm/S099_D_E_L_AU_AW.yaml,new
linear_svm,S100_D_E_L_AU_PU,layer1_all5alg_top10000_linear_svm_S100_D_E_L_AU_PU,TRB/set/configs/experiments/layer1_all128_all5alg_top10000_static_v1/linear_svm/S100_D_E_L_AU_PU.yaml,new
linear_svm,S101_D_E_L_AU_PW,layer1_all5alg_top10000_linear_svm_S101_D_E_L_AU_PW,TRB/set/configs/experiments/layer1_all128_all5alg_top10000_static_v1/linear_svm/S101_D_E_L_AU_PW.yaml,new
linear_svm,S102_D_E_L_AW_PU,layer1_all5alg_top10000_linear_svm_S102_D_E_L_AW_PU,TRB/set/configs/experiments/layer1_all128_all5alg_top10000_static_v1/linear_svm/S102_D_E_L_AW_PU.yaml,new
linear_svm,S103_D_E_L_AW_PW,layer1_all5alg_top10000_linear_svm_S103_D_E_L_AW_PW,TRB/set/configs/experiments/layer1_all128_all5alg_top10000_static_v1/linear_svm/S103_D_E_L_AW_PW.yaml,new
linear_svm,S104_D_E_L_PU_PW,layer1_all5alg_top10000_linear_svm_S104_D_E_L_PU_PW,TRB/set/configs/experiments/layer1_all128_all5alg_top10000_static_v1/linear_svm/S104_D_E_L_PU_PW.yaml,new
linear_svm,S105_D_E_AU_AW_PU,layer1_all5alg_top10000_linear_svm_S105_D_E_AU_AW_PU,TRB/set/configs/experiments/layer1_all128_all5alg_top10000_static_v1/linear_svm/S105_D_E_AU_AW_PU.yaml,new
linear_svm,S106_D_E_AU_AW_PW,layer1_all5alg_top10000_linear_svm_S106_D_E_AU_AW_PW,TRB/set/configs/experiments/layer1_all128_all5alg_top10000_static_v1/linear_svm/S106_D_E_AU_AW_PW.yaml,new
linear_svm,S107_D_E_AU_PU_PW,layer1_all5alg_top10000_linear_svm_S107_D_E_AU_PU_PW,TRB/set/configs/experiments/layer1_all128_all5alg_top10000_static_v1/linear_svm/S107_D_E_AU_PU_PW.yaml,new
linear_svm,S108_D_E_AW_PU_PW,layer1_all5alg_top10000_linear_svm_S108_D_E_AW_PU_PW,TRB/set/configs/experiments/layer1_all128_all5alg_top10000_static_v1/linear_svm/S108_D_E_AW_PU_PW.yaml,new
linear_svm,S109_D_L_AU_AW_PU,layer1_all5alg_top10000_linear_svm_S109_D_L_AU_AW_PU,TRB/set/configs/experiments/layer1_all128_all5alg_top10000_static_v1/linear_svm/S109_D_L_AU_AW_PU.yaml,new
linear_svm,S110_D_L_AU_AW_PW,layer1_all5alg_top10000_linear_svm_S110_D_L_AU_AW_PW,TRB/set/configs/experiments/layer1_all128_all5alg_top10000_static_v1/linear_svm/S110_D_L_AU_AW_PW.yaml,new
linear_svm,S111_D_L_AU_PU_PW,layer1_all5alg_top10000_linear_svm_S111_D_L_AU_PU_PW,TRB/set/configs/experiments/layer1_all128_all5alg_top10000_static_v1/linear_svm/S111_D_L_AU_PU_PW.yaml,new
linear_svm,S112_D_L_AW_PU_PW,layer1_all5alg_top10000_linear_svm_S112_D_L_AW_PU_PW,TRB/set/configs/experiments/layer1_all128_all5alg_top10000_static_v1/linear_svm/S112_D_L_AW_PU_PW.yaml,new
linear_svm,S113_D_AU_AW_PU_PW,layer1_all5alg_top10000_linear_svm_S113_D_AU_AW_PU_PW,TRB/set/configs/experiments/layer1_all128_all5alg_top10000_static_v1/linear_svm/S113_D_AU_AW_PU_PW.yaml,new
linear_svm,S114_E_L_AU_AW_PU,layer1_all5alg_top10000_linear_svm_S114_E_L_AU_AW_PU,TRB/set/configs/experiments/layer1_all128_all5alg_top10000_static_v1/linear_svm/S114_E_L_AU_AW_PU.yaml,new
linear_svm,S115_E_L_AU_AW_PW,layer1_all5alg_top10000_linear_svm_S115_E_L_AU_AW_PW,TRB/set/configs/experiments/layer1_all128_all5alg_top10000_static_v1/linear_svm/S115_E_L_AU_AW_PW.yaml,new
linear_svm,S116_E_L_AU_PU_PW,layer1_all5alg_top10000_linear_svm_S116_E_L_AU_PU_PW,TRB/set/configs/experiments/layer1_all128_all5alg_top10000_static_v1/linear_svm/S116_E_L_AU_PU_PW.yaml,new
linear_svm,S117_E_L_AW_PU_PW,layer1_all5alg_top10000_linear_svm_S117_E_L_AW_PU_PW,TRB/set/configs/experiments/layer1_all128_all5alg_top10000_static_v1/linear_svm/S117_E_L_AW_PU_PW.yaml,new
linear_svm,S118_E_AU_AW_PU_PW,layer1_all5alg_top10000_linear_svm_S118_E_AU_AW_PU_PW,TRB/set/configs/experiments/layer1_all128_all5alg_top10000_static_v1/linear_svm/S118_E_AU_AW_PU_PW.yaml,new
linear_svm,S119_L_AU_AW_PU_PW,layer1_all5alg_top10000_linear_svm_S119_L_AU_AW_PU_PW,TRB/set/configs/experiments/layer1_all128_all5alg_top10000_static_v1/linear_svm/S119_L_AU_AW_PU_PW.yaml,new
linear_svm,S120_D_E_L_AU_AW_PU,layer1_all5alg_top10000_linear_svm_S120_D_E_L_AU_AW_PU,TRB/set/configs/experiments/layer1_all128_all5alg_top10000_static_v1/linear_svm/S120_D_E_L_AU_AW_PU.yaml,new
linear_svm,S121_D_E_L_AU_AW_PW,layer1_all5alg_top10000_linear_svm_S121_D_E_L_AU_AW_PW,TRB/set/configs/experiments/layer1_all128_all5alg_top10000_static_v1/linear_svm/S121_D_E_L_AU_AW_PW.yaml,new
linear_svm,S122_D_E_L_AU_PU_PW,layer1_all5alg_top10000_linear_svm_S122_D_E_L_AU_PU_PW,TRB/set/configs/experiments/layer1_all128_all5alg_top10000_static_v1/linear_svm/S122_D_E_L_AU_PU_PW.yaml,new
linear_svm,S123_D_E_L_AW_PU_PW,layer1_all5alg_top10000_linear_svm_S123_D_E_L_AW_PU_PW,TRB/set/configs/experiments/layer1_all128_all5alg_top10000_static_v1/linear_svm/S123_D_E_L_AW_PU_PW.yaml,new
linear_svm,S124_D_E_AU_AW_PU_PW,layer1_all5alg_top10000_linear_svm_S124_D_E_AU_AW_PU_PW,TRB/set/configs/experiments/layer1_all128_all5alg_top10000_static_v1/linear_svm/S124_D_E_AU_AW_PU_PW.yaml,new
linear_svm,S125_D_L_AU_AW_PU_PW,layer1_all5alg_top10000_linear_svm_S125_D_L_AU_AW_PU_PW,TRB/set/configs/experiments/layer1_all128_all5alg_top10000_static_v1/linear_svm/S125_D_L_AU_AW_PU_PW.yaml,new
linear_svm,S126_E_L_AU_AW_PU_PW,layer1_all5alg_top10000_linear_svm_S126_E_L_AU_AW_PU_PW,TRB/set/configs/experiments/layer1_all128_all5alg_top10000_static_v1/linear_svm/S126_E_L_AU_AW_PU_PW.yaml,new
linear_svm,S127_D_E_L_AU_AW_PU_PW,layer1_all5alg_top10000_linear_svm_S127_D_E_L_AU_AW_PU_PW,TRB/set/configs/experiments/layer1_all128_all5alg_top10000_static_v1/linear_svm/S127_D_E_L_AU_AW_PU_PW.yaml,new
xgboost,S000_none,layer1_all5alg_top10000_xgboost_S000_none,TRB/set/configs/experiments/layer1_all128_all5alg_top10000_static_v1/xgboost/S000_none.yaml,new
xgboost,S001_D,layer1_all5alg_top10000_xgboost_S001_D,TRB/set/configs/experiments/layer1_all128_all5alg_top10000_static_v1/xgboost/S001_D.yaml,new
xgboost,S002_E,layer1_all5alg_top10000_xgboost_S002_E,TRB/set/configs/experiments/layer1_all128_all5alg_top10000_static_v1/xgboost/S002_E.yaml,new
xgboost,S003_L,layer1_all5alg_top10000_xgboost_S003_L,TRB/set/configs/experiments/layer1_all128_all5alg_top10000_static_v1/xgboost/S003_L.yaml,new
xgboost,S004_AU,layer1_all5alg_top10000_xgboost_S004_AU,TRB/set/configs/experiments/layer1_all128_all5alg_top10000_static_v1/xgboost/S004_AU.yaml,new
xgboost,S005_AW,layer1_all5alg_top10000_xgboost_S005_AW,TRB/set/configs/experiments/layer1_all128_all5alg_top10000_static_v1/xgboost/S005_AW.yaml,new
xgboost,S006_PU,layer1_all5alg_top10000_xgboost_S006_PU,TRB/set/configs/experiments/layer1_all128_all5alg_top10000_static_v1/xgboost/S006_PU.yaml,new
xgboost,S007_PW,layer1_all5alg_top10000_xgboost_S007_PW,TRB/set/configs/experiments/layer1_all128_all5alg_top10000_static_v1/xgboost/S007_PW.yaml,new
xgboost,S008_D_E,layer1_all5alg_top10000_xgboost_S008_D_E,TRB/set/configs/experiments/layer1_all128_all5alg_top10000_static_v1/xgboost/S008_D_E.yaml,new
xgboost,S009_D_L,layer1_all5alg_top10000_xgboost_S009_D_L,TRB/set/configs/experiments/layer1_all128_all5alg_top10000_static_v1/xgboost/S009_D_L.yaml,new
xgboost,S010_D_AU,layer1_all5alg_top10000_xgboost_S010_D_AU,TRB/set/configs/experiments/layer1_all128_all5alg_top10000_static_v1/xgboost/S010_D_AU.yaml,new
xgboost,S011_D_AW,layer1_all5alg_top10000_xgboost_S011_D_AW,TRB/set/configs/experiments/layer1_all128_all5alg_top10000_static_v1/xgboost/S011_D_AW.yaml,new
xgboost,S012_D_PU,layer1_all5alg_top10000_xgboost_S012_D_PU,TRB/set/configs/experiments/layer1_all128_all5alg_top10000_static_v1/xgboost/S012_D_PU.yaml,new
xgboost,S013_D_PW,layer1_all5alg_top10000_xgboost_S013_D_PW,TRB/set/configs/experiments/layer1_all128_all5alg_top10000_static_v1/xgboost/S013_D_PW.yaml,new
xgboost,S014_E_L,layer1_all5alg_top10000_xgboost_S014_E_L,TRB/set/configs/experiments/layer1_all128_all5alg_top10000_static_v1/xgboost/S014_E_L.yaml,new
xgboost,S015_E_AU,layer1_all5alg_top10000_xgboost_S015_E_AU,TRB/set/configs/experiments/layer1_all128_all5alg_top10000_static_v1/xgboost/S015_E_AU.yaml,new
xgboost,S016_E_AW,layer1_all5alg_top10000_xgboost_S016_E_AW,TRB/set/configs/experiments/layer1_all128_all5alg_top10000_static_v1/xgboost/S016_E_AW.yaml,new
xgboost,S017_E_PU,layer1_all5alg_top10000_xgboost_S017_E_PU,TRB/set/configs/experiments/layer1_all128_all5alg_top10000_static_v1/xgboost/S017_E_PU.yaml,new
xgboost,S018_E_PW,layer1_all5alg_top10000_xgboost_S018_E_PW,TRB/set/configs/experiments/layer1_all128_all5alg_top10000_static_v1/xgboost/S018_E_PW.yaml,new
xgboost,S019_L_AU,layer1_all5alg_top10000_xgboost_S019_L_AU,TRB/set/configs/experiments/layer1_all128_all5alg_top10000_static_v1/xgboost/S019_L_AU.yaml,new
xgboost,S020_L_AW,layer1_all5alg_top10000_xgboost_S020_L_AW,TRB/set/configs/experiments/layer1_all128_all5alg_top10000_static_v1/xgboost/S020_L_AW.yaml,new
xgboost,S021_L_PU,layer1_all5alg_top10000_xgboost_S021_L_PU,TRB/set/configs/experiments/layer1_all128_all5alg_top10000_static_v1/xgboost/S021_L_PU.yaml,new
xgboost,S022_L_PW,layer1_all5alg_top10000_xgboost_S022_L_PW,TRB/set/configs/experiments/layer1_all128_all5alg_top10000_static_v1/xgboost/S022_L_PW.yaml,new
xgboost,S023_AU_AW,layer1_all5alg_top10000_xgboost_S023_AU_AW,TRB/set/configs/experiments/layer1_all128_all5alg_top10000_static_v1/xgboost/S023_AU_AW.yaml,new
xgboost,S024_AU_PU,layer1_all5alg_top10000_xgboost_S024_AU_PU,TRB/set/configs/experiments/layer1_all128_all5alg_top10000_static_v1/xgboost/S024_AU_PU.yaml,new
xgboost,S025_AU_PW,layer1_all5alg_top10000_xgboost_S025_AU_PW,TRB/set/configs/experiments/layer1_all128_all5alg_top10000_static_v1/xgboost/S025_AU_PW.yaml,new
xgboost,S026_AW_PU,layer1_all5alg_top10000_xgboost_S026_AW_PU,TRB/set/configs/experiments/layer1_all128_all5alg_top10000_static_v1/xgboost/S026_AW_PU.yaml,new
xgboost,S027_AW_PW,layer1_all5alg_top10000_xgboost_S027_AW_PW,TRB/set/configs/experiments/layer1_all128_all5alg_top10000_static_v1/xgboost/S027_AW_PW.yaml,new
xgboost,S028_PU_PW,layer1_all5alg_top10000_xgboost_S028_PU_PW,TRB/set/configs/experiments/layer1_all128_all5alg_top10000_static_v1/xgboost/S028_PU_PW.yaml,new
xgboost,S029_D_E_L,layer1_all5alg_top10000_xgboost_S029_D_E_L,TRB/set/configs/experiments/layer1_all128_all5alg_top10000_static_v1/xgboost/S029_D_E_L.yaml,new
xgboost,S030_D_E_AU,layer1_all5alg_top10000_xgboost_S030_D_E_AU,TRB/set/configs/experiments/layer1_all128_all5alg_top10000_static_v1/xgboost/S030_D_E_AU.yaml,new
xgboost,S031_D_E_AW,layer1_all5alg_top10000_xgboost_S031_D_E_AW,TRB/set/configs/experiments/layer1_all128_all5alg_top10000_static_v1/xgboost/S031_D_E_AW.yaml,new
xgboost,S032_D_E_PU,layer1_all5alg_top10000_xgboost_S032_D_E_PU,TRB/set/configs/experiments/layer1_all128_all5alg_top10000_static_v1/xgboost/S032_D_E_PU.yaml,new
xgboost,S033_D_E_PW,layer1_all5alg_top10000_xgboost_S033_D_E_PW,TRB/set/configs/experiments/layer1_all128_all5alg_top10000_static_v1/xgboost/S033_D_E_PW.yaml,new
xgboost,S034_D_L_AU,layer1_all5alg_top10000_xgboost_S034_D_L_AU,TRB/set/configs/experiments/layer1_all128_all5alg_top10000_static_v1/xgboost/S034_D_L_AU.yaml,new
xgboost,S035_D_L_AW,layer1_all5alg_top10000_xgboost_S035_D_L_AW,TRB/set/configs/experiments/layer1_all128_all5alg_top10000_static_v1/xgboost/S035_D_L_AW.yaml,new
xgboost,S036_D_L_PU,layer1_all5alg_top10000_xgboost_S036_D_L_PU,TRB/set/configs/experiments/layer1_all128_all5alg_top10000_static_v1/xgboost/S036_D_L_PU.yaml,new
xgboost,S037_D_L_PW,layer1_all5alg_top10000_xgboost_S037_D_L_PW,TRB/set/configs/experiments/layer1_all128_all5alg_top10000_static_v1/xgboost/S037_D_L_PW.yaml,new
xgboost,S038_D_AU_AW,layer1_all5alg_top10000_xgboost_S038_D_AU_AW,TRB/set/configs/experiments/layer1_all128_all5alg_top10000_static_v1/xgboost/S038_D_AU_AW.yaml,new
xgboost,S039_D_AU_PU,layer1_all5alg_top10000_xgboost_S039_D_AU_PU,TRB/set/configs/experiments/layer1_all128_all5alg_top10000_static_v1/xgboost/S039_D_AU_PU.yaml,new
xgboost,S040_D_AU_PW,layer1_all5alg_top10000_xgboost_S040_D_AU_PW,TRB/set/configs/experiments/layer1_all128_all5alg_top10000_static_v1/xgboost/S040_D_AU_PW.yaml,new
xgboost,S041_D_AW_PU,layer1_all5alg_top10000_xgboost_S041_D_AW_PU,TRB/set/configs/experiments/layer1_all128_all5alg_top10000_static_v1/xgboost/S041_D_AW_PU.yaml,new
xgboost,S042_D_AW_PW,layer1_all5alg_top10000_xgboost_S042_D_AW_PW,TRB/set/configs/experiments/layer1_all128_all5alg_top10000_static_v1/xgboost/S042_D_AW_PW.yaml,new
xgboost,S043_D_PU_PW,layer1_all5alg_top10000_xgboost_S043_D_PU_PW,TRB/set/configs/experiments/layer1_all128_all5alg_top10000_static_v1/xgboost/S043_D_PU_PW.yaml,new
xgboost,S044_E_L_AU,layer1_all5alg_top10000_xgboost_S044_E_L_AU,TRB/set/configs/experiments/layer1_all128_all5alg_top10000_static_v1/xgboost/S044_E_L_AU.yaml,new
xgboost,S045_E_L_AW,layer1_all5alg_top10000_xgboost_S045_E_L_AW,TRB/set/configs/experiments/layer1_all128_all5alg_top10000_static_v1/xgboost/S045_E_L_AW.yaml,new
xgboost,S046_E_L_PU,layer1_all5alg_top10000_xgboost_S046_E_L_PU,TRB/set/configs/experiments/layer1_all128_all5alg_top10000_static_v1/xgboost/S046_E_L_PU.yaml,new
xgboost,S047_E_L_PW,layer1_all5alg_top10000_xgboost_S047_E_L_PW,TRB/set/configs/experiments/layer1_all128_all5alg_top10000_static_v1/xgboost/S047_E_L_PW.yaml,new
xgboost,S048_E_AU_AW,layer1_all5alg_top10000_xgboost_S048_E_AU_AW,TRB/set/configs/experiments/layer1_all128_all5alg_top10000_static_v1/xgboost/S048_E_AU_AW.yaml,new
xgboost,S049_E_AU_PU,layer1_all5alg_top10000_xgboost_S049_E_AU_PU,TRB/set/configs/experiments/layer1_all128_all5alg_top10000_static_v1/xgboost/S049_E_AU_PU.yaml,new
xgboost,S050_E_AU_PW,layer1_all5alg_top10000_xgboost_S050_E_AU_PW,TRB/set/configs/experiments/layer1_all128_all5alg_top10000_static_v1/xgboost/S050_E_AU_PW.yaml,new
xgboost,S051_E_AW_PU,layer1_all5alg_top10000_xgboost_S051_E_AW_PU,TRB/set/configs/experiments/layer1_all128_all5alg_top10000_static_v1/xgboost/S051_E_AW_PU.yaml,new
xgboost,S052_E_AW_PW,layer1_all5alg_top10000_xgboost_S052_E_AW_PW,TRB/set/configs/experiments/layer1_all128_all5alg_top10000_static_v1/xgboost/S052_E_AW_PW.yaml,new
xgboost,S053_E_PU_PW,layer1_all5alg_top10000_xgboost_S053_E_PU_PW,TRB/set/configs/experiments/layer1_all128_all5alg_top10000_static_v1/xgboost/S053_E_PU_PW.yaml,new
xgboost,S054_L_AU_AW,layer1_all5alg_top10000_xgboost_S054_L_AU_AW,TRB/set/configs/experiments/layer1_all128_all5alg_top10000_static_v1/xgboost/S054_L_AU_AW.yaml,new
xgboost,S055_L_AU_PU,layer1_all5alg_top10000_xgboost_S055_L_AU_PU,TRB/set/configs/experiments/layer1_all128_all5alg_top10000_static_v1/xgboost/S055_L_AU_PU.yaml,new
xgboost,S056_L_AU_PW,layer1_all5alg_top10000_xgboost_S056_L_AU_PW,TRB/set/configs/experiments/layer1_all128_all5alg_top10000_static_v1/xgboost/S056_L_AU_PW.yaml,new
xgboost,S057_L_AW_PU,layer1_all5alg_top10000_xgboost_S057_L_AW_PU,TRB/set/configs/experiments/layer1_all128_all5alg_top10000_static_v1/xgboost/S057_L_AW_PU.yaml,new
xgboost,S058_L_AW_PW,layer1_all5alg_top10000_xgboost_S058_L_AW_PW,TRB/set/configs/experiments/layer1_all128_all5alg_top10000_static_v1/xgboost/S058_L_AW_PW.yaml,new
xgboost,S059_L_PU_PW,layer1_all5alg_top10000_xgboost_S059_L_PU_PW,TRB/set/configs/experiments/layer1_all128_all5alg_top10000_static_v1/xgboost/S059_L_PU_PW.yaml,new
xgboost,S060_AU_AW_PU,layer1_all5alg_top10000_xgboost_S060_AU_AW_PU,TRB/set/configs/experiments/layer1_all128_all5alg_top10000_static_v1/xgboost/S060_AU_AW_PU.yaml,new
xgboost,S061_AU_AW_PW,layer1_all5alg_top10000_xgboost_S061_AU_AW_PW,TRB/set/configs/experiments/layer1_all128_all5alg_top10000_static_v1/xgboost/S061_AU_AW_PW.yaml,new
xgboost,S062_AU_PU_PW,layer1_all5alg_top10000_xgboost_S062_AU_PU_PW,TRB/set/configs/experiments/layer1_all128_all5alg_top10000_static_v1/xgboost/S062_AU_PU_PW.yaml,new
xgboost,S063_AW_PU_PW,layer1_all5alg_top10000_xgboost_S063_AW_PU_PW,TRB/set/configs/experiments/layer1_all128_all5alg_top10000_static_v1/xgboost/S063_AW_PU_PW.yaml,new
xgboost,S064_D_E_L_AU,layer1_all5alg_top10000_xgboost_S064_D_E_L_AU,TRB/set/configs/experiments/layer1_all128_all5alg_top10000_static_v1/xgboost/S064_D_E_L_AU.yaml,new
xgboost,S065_D_E_L_AW,layer1_all5alg_top10000_xgboost_S065_D_E_L_AW,TRB/set/configs/experiments/layer1_all128_all5alg_top10000_static_v1/xgboost/S065_D_E_L_AW.yaml,new
xgboost,S066_D_E_L_PU,layer1_all5alg_top10000_xgboost_S066_D_E_L_PU,TRB/set/configs/experiments/layer1_all128_all5alg_top10000_static_v1/xgboost/S066_D_E_L_PU.yaml,new
xgboost,S067_D_E_L_PW,layer1_all5alg_top10000_xgboost_S067_D_E_L_PW,TRB/set/configs/experiments/layer1_all128_all5alg_top10000_static_v1/xgboost/S067_D_E_L_PW.yaml,new
xgboost,S068_D_E_AU_AW,layer1_all5alg_top10000_xgboost_S068_D_E_AU_AW,TRB/set/configs/experiments/layer1_all128_all5alg_top10000_static_v1/xgboost/S068_D_E_AU_AW.yaml,new
xgboost,S069_D_E_AU_PU,layer1_all5alg_top10000_xgboost_S069_D_E_AU_PU,TRB/set/configs/experiments/layer1_all128_all5alg_top10000_static_v1/xgboost/S069_D_E_AU_PU.yaml,new
xgboost,S070_D_E_AU_PW,layer1_all5alg_top10000_xgboost_S070_D_E_AU_PW,TRB/set/configs/experiments/layer1_all128_all5alg_top10000_static_v1/xgboost/S070_D_E_AU_PW.yaml,new
xgboost,S071_D_E_AW_PU,layer1_all5alg_top10000_xgboost_S071_D_E_AW_PU,TRB/set/configs/experiments/layer1_all128_all5alg_top10000_static_v1/xgboost/S071_D_E_AW_PU.yaml,new
xgboost,S072_D_E_AW_PW,layer1_all5alg_top10000_xgboost_S072_D_E_AW_PW,TRB/set/configs/experiments/layer1_all128_all5alg_top10000_static_v1/xgboost/S072_D_E_AW_PW.yaml,new
xgboost,S073_D_E_PU_PW,layer1_all5alg_top10000_xgboost_S073_D_E_PU_PW,TRB/set/configs/experiments/layer1_all128_all5alg_top10000_static_v1/xgboost/S073_D_E_PU_PW.yaml,new
xgboost,S074_D_L_AU_AW,layer1_all5alg_top10000_xgboost_S074_D_L_AU_AW,TRB/set/configs/experiments/layer1_all128_all5alg_top10000_static_v1/xgboost/S074_D_L_AU_AW.yaml,new
xgboost,S075_D_L_AU_PU,layer1_all5alg_top10000_xgboost_S075_D_L_AU_PU,TRB/set/configs/experiments/layer1_all128_all5alg_top10000_static_v1/xgboost/S075_D_L_AU_PU.yaml,new
xgboost,S076_D_L_AU_PW,layer1_all5alg_top10000_xgboost_S076_D_L_AU_PW,TRB/set/configs/experiments/layer1_all128_all5alg_top10000_static_v1/xgboost/S076_D_L_AU_PW.yaml,new
xgboost,S077_D_L_AW_PU,layer1_all5alg_top10000_xgboost_S077_D_L_AW_PU,TRB/set/configs/experiments/layer1_all128_all5alg_top10000_static_v1/xgboost/S077_D_L_AW_PU.yaml,new
xgboost,S078_D_L_AW_PW,layer1_all5alg_top10000_xgboost_S078_D_L_AW_PW,TRB/set/configs/experiments/layer1_all128_all5alg_top10000_static_v1/xgboost/S078_D_L_AW_PW.yaml,new
xgboost,S079_D_L_PU_PW,layer1_all5alg_top10000_xgboost_S079_D_L_PU_PW,TRB/set/configs/experiments/layer1_all128_all5alg_top10000_static_v1/xgboost/S079_D_L_PU_PW.yaml,new
xgboost,S080_D_AU_AW_PU,layer1_all5alg_top10000_xgboost_S080_D_AU_AW_PU,TRB/set/configs/experiments/layer1_all128_all5alg_top10000_static_v1/xgboost/S080_D_AU_AW_PU.yaml,new
xgboost,S081_D_AU_AW_PW,layer1_all5alg_top10000_xgboost_S081_D_AU_AW_PW,TRB/set/configs/experiments/layer1_all128_all5alg_top10000_static_v1/xgboost/S081_D_AU_AW_PW.yaml,new
xgboost,S082_D_AU_PU_PW,layer1_all5alg_top10000_xgboost_S082_D_AU_PU_PW,TRB/set/configs/experiments/layer1_all128_all5alg_top10000_static_v1/xgboost/S082_D_AU_PU_PW.yaml,new
xgboost,S083_D_AW_PU_PW,layer1_all5alg_top10000_xgboost_S083_D_AW_PU_PW,TRB/set/configs/experiments/layer1_all128_all5alg_top10000_static_v1/xgboost/S083_D_AW_PU_PW.yaml,new
xgboost,S084_E_L_AU_AW,layer1_all5alg_top10000_xgboost_S084_E_L_AU_AW,TRB/set/configs/experiments/layer1_all128_all5alg_top10000_static_v1/xgboost/S084_E_L_AU_AW.yaml,new
xgboost,S085_E_L_AU_PU,layer1_all5alg_top10000_xgboost_S085_E_L_AU_PU,TRB/set/configs/experiments/layer1_all128_all5alg_top10000_static_v1/xgboost/S085_E_L_AU_PU.yaml,new
xgboost,S086_E_L_AU_PW,layer1_all5alg_top10000_xgboost_S086_E_L_AU_PW,TRB/set/configs/experiments/layer1_all128_all5alg_top10000_static_v1/xgboost/S086_E_L_AU_PW.yaml,new
xgboost,S087_E_L_AW_PU,layer1_all5alg_top10000_xgboost_S087_E_L_AW_PU,TRB/set/configs/experiments/layer1_all128_all5alg_top10000_static_v1/xgboost/S087_E_L_AW_PU.yaml,new
xgboost,S088_E_L_AW_PW,layer1_all5alg_top10000_xgboost_S088_E_L_AW_PW,TRB/set/configs/experiments/layer1_all128_all5alg_top10000_static_v1/xgboost/S088_E_L_AW_PW.yaml,new
xgboost,S089_E_L_PU_PW,layer1_all5alg_top10000_xgboost_S089_E_L_PU_PW,TRB/set/configs/experiments/layer1_all128_all5alg_top10000_static_v1/xgboost/S089_E_L_PU_PW.yaml,new
xgboost,S090_E_AU_AW_PU,layer1_all5alg_top10000_xgboost_S090_E_AU_AW_PU,TRB/set/configs/experiments/layer1_all128_all5alg_top10000_static_v1/xgboost/S090_E_AU_AW_PU.yaml,new
xgboost,S091_E_AU_AW_PW,layer1_all5alg_top10000_xgboost_S091_E_AU_AW_PW,TRB/set/configs/experiments/layer1_all128_all5alg_top10000_static_v1/xgboost/S091_E_AU_AW_PW.yaml,new
xgboost,S092_E_AU_PU_PW,layer1_all5alg_top10000_xgboost_S092_E_AU_PU_PW,TRB/set/configs/experiments/layer1_all128_all5alg_top10000_static_v1/xgboost/S092_E_AU_PU_PW.yaml,new
xgboost,S093_E_AW_PU_PW,layer1_all5alg_top10000_xgboost_S093_E_AW_PU_PW,TRB/set/configs/experiments/layer1_all128_all5alg_top10000_static_v1/xgboost/S093_E_AW_PU_PW.yaml,new
xgboost,S094_L_AU_AW_PU,layer1_all5alg_top10000_xgboost_S094_L_AU_AW_PU,TRB/set/configs/experiments/layer1_all128_all5alg_top10000_static_v1/xgboost/S094_L_AU_AW_PU.yaml,new
xgboost,S095_L_AU_AW_PW,layer1_all5alg_top10000_xgboost_S095_L_AU_AW_PW,TRB/set/configs/experiments/layer1_all128_all5alg_top10000_static_v1/xgboost/S095_L_AU_AW_PW.yaml,new
xgboost,S096_L_AU_PU_PW,layer1_all5alg_top10000_xgboost_S096_L_AU_PU_PW,TRB/set/configs/experiments/layer1_all128_all5alg_top10000_static_v1/xgboost/S096_L_AU_PU_PW.yaml,new
xgboost,S097_L_AW_PU_PW,layer1_all5alg_top10000_xgboost_S097_L_AW_PU_PW,TRB/set/configs/experiments/layer1_all128_all5alg_top10000_static_v1/xgboost/S097_L_AW_PU_PW.yaml,new
xgboost,S098_AU_AW_PU_PW,layer1_all5alg_top10000_xgboost_S098_AU_AW_PU_PW,TRB/set/configs/experiments/layer1_all128_all5alg_top10000_static_v1/xgboost/S098_AU_AW_PU_PW.yaml,new
xgboost,S099_D_E_L_AU_AW,layer1_all5alg_top10000_xgboost_S099_D_E_L_AU_AW,TRB/set/configs/experiments/layer1_all128_all5alg_top10000_static_v1/xgboost/S099_D_E_L_AU_AW.yaml,new
xgboost,S100_D_E_L_AU_PU,layer1_all5alg_top10000_xgboost_S100_D_E_L_AU_PU,TRB/set/configs/experiments/layer1_all128_all5alg_top10000_static_v1/xgboost/S100_D_E_L_AU_PU.yaml,new
xgboost,S101_D_E_L_AU_PW,layer1_all5alg_top10000_xgboost_S101_D_E_L_AU_PW,TRB/set/configs/experiments/layer1_all128_all5alg_top10000_static_v1/xgboost/S101_D_E_L_AU_PW.yaml,new
xgboost,S102_D_E_L_AW_PU,layer1_all5alg_top10000_xgboost_S102_D_E_L_AW_PU,TRB/set/configs/experiments/layer1_all128_all5alg_top10000_static_v1/xgboost/S102_D_E_L_AW_PU.yaml,new
xgboost,S103_D_E_L_AW_PW,layer1_all5alg_top10000_xgboost_S103_D_E_L_AW_PW,TRB/set/configs/experiments/layer1_all128_all5alg_top10000_static_v1/xgboost/S103_D_E_L_AW_PW.yaml,new
xgboost,S104_D_E_L_PU_PW,layer1_all5alg_top10000_xgboost_S104_D_E_L_PU_PW,TRB/set/configs/experiments/layer1_all128_all5alg_top10000_static_v1/xgboost/S104_D_E_L_PU_PW.yaml,new
xgboost,S105_D_E_AU_AW_PU,layer1_all5alg_top10000_xgboost_S105_D_E_AU_AW_PU,TRB/set/configs/experiments/layer1_all128_all5alg_top10000_static_v1/xgboost/S105_D_E_AU_AW_PU.yaml,new
xgboost,S106_D_E_AU_AW_PW,layer1_all5alg_top10000_xgboost_S106_D_E_AU_AW_PW,TRB/set/configs/experiments/layer1_all128_all5alg_top10000_static_v1/xgboost/S106_D_E_AU_AW_PW.yaml,new
xgboost,S107_D_E_AU_PU_PW,layer1_all5alg_top10000_xgboost_S107_D_E_AU_PU_PW,TRB/set/configs/experiments/layer1_all128_all5alg_top10000_static_v1/xgboost/S107_D_E_AU_PU_PW.yaml,new
xgboost,S108_D_E_AW_PU_PW,layer1_all5alg_top10000_xgboost_S108_D_E_AW_PU_PW,TRB/set/configs/experiments/layer1_all128_all5alg_top10000_static_v1/xgboost/S108_D_E_AW_PU_PW.yaml,new
xgboost,S109_D_L_AU_AW_PU,layer1_all5alg_top10000_xgboost_S109_D_L_AU_AW_PU,TRB/set/configs/experiments/layer1_all128_all5alg_top10000_static_v1/xgboost/S109_D_L_AU_AW_PU.yaml,new
xgboost,S110_D_L_AU_AW_PW,layer1_all5alg_top10000_xgboost_S110_D_L_AU_AW_PW,TRB/set/configs/experiments/layer1_all128_all5alg_top10000_static_v1/xgboost/S110_D_L_AU_AW_PW.yaml,new
xgboost,S111_D_L_AU_PU_PW,layer1_all5alg_top10000_xgboost_S111_D_L_AU_PU_PW,TRB/set/configs/experiments/layer1_all128_all5alg_top10000_static_v1/xgboost/S111_D_L_AU_PU_PW.yaml,new
xgboost,S112_D_L_AW_PU_PW,layer1_all5alg_top10000_xgboost_S112_D_L_AW_PU_PW,TRB/set/configs/experiments/layer1_all128_all5alg_top10000_static_v1/xgboost/S112_D_L_AW_PU_PW.yaml,new
xgboost,S113_D_AU_AW_PU_PW,layer1_all5alg_top10000_xgboost_S113_D_AU_AW_PU_PW,TRB/set/configs/experiments/layer1_all128_all5alg_top10000_static_v1/xgboost/S113_D_AU_AW_PU_PW.yaml,new
xgboost,S114_E_L_AU_AW_PU,layer1_all5alg_top10000_xgboost_S114_E_L_AU_AW_PU,TRB/set/configs/experiments/layer1_all128_all5alg_top10000_static_v1/xgboost/S114_E_L_AU_AW_PU.yaml,new
xgboost,S115_E_L_AU_AW_PW,layer1_all5alg_top10000_xgboost_S115_E_L_AU_AW_PW,TRB/set/configs/experiments/layer1_all128_all5alg_top10000_static_v1/xgboost/S115_E_L_AU_AW_PW.yaml,new
xgboost,S116_E_L_AU_PU_PW,layer1_all5alg_top10000_xgboost_S116_E_L_AU_PU_PW,TRB/set/configs/experiments/layer1_all128_all5alg_top10000_static_v1/xgboost/S116_E_L_AU_PU_PW.yaml,new
xgboost,S117_E_L_AW_PU_PW,layer1_all5alg_top10000_xgboost_S117_E_L_AW_PU_PW,TRB/set/configs/experiments/layer1_all128_all5alg_top10000_static_v1/xgboost/S117_E_L_AW_PU_PW.yaml,new
xgboost,S118_E_AU_AW_PU_PW,layer1_all5alg_top10000_xgboost_S118_E_AU_AW_PU_PW,TRB/set/configs/experiments/layer1_all128_all5alg_top10000_static_v1/xgboost/S118_E_AU_AW_PU_PW.yaml,new
xgboost,S119_L_AU_AW_PU_PW,layer1_all5alg_top10000_xgboost_S119_L_AU_AW_PU_PW,TRB/set/configs/experiments/layer1_all128_all5alg_top10000_static_v1/xgboost/S119_L_AU_AW_PU_PW.yaml,new
xgboost,S120_D_E_L_AU_AW_PU,layer1_all5alg_top10000_xgboost_S120_D_E_L_AU_AW_PU,TRB/set/configs/experiments/layer1_all128_all5alg_top10000_static_v1/xgboost/S120_D_E_L_AU_AW_PU.yaml,new
xgboost,S121_D_E_L_AU_AW_PW,layer1_all5alg_top10000_xgboost_S121_D_E_L_AU_AW_PW,TRB/set/configs/experiments/layer1_all128_all5alg_top10000_static_v1/xgboost/S121_D_E_L_AU_AW_PW.yaml,new
xgboost,S122_D_E_L_AU_PU_PW,layer1_all5alg_top10000_xgboost_S122_D_E_L_AU_PU_PW,TRB/set/configs/experiments/layer1_all128_all5alg_top10000_static_v1/xgboost/S122_D_E_L_AU_PU_PW.yaml,new
xgboost,S123_D_E_L_AW_PU_PW,layer1_all5alg_top10000_xgboost_S123_D_E_L_AW_PU_PW,TRB/set/configs/experiments/layer1_all128_all5alg_top10000_static_v1/xgboost/S123_D_E_L_AW_PU_PW.yaml,new
xgboost,S124_D_E_AU_AW_PU_PW,layer1_all5alg_top10000_xgboost_S124_D_E_AU_AW_PU_PW,TRB/set/configs/experiments/layer1_all128_all5alg_top10000_static_v1/xgboost/S124_D_E_AU_AW_PU_PW.yaml,new
xgboost,S125_D_L_AU_AW_PU_PW,layer1_all5alg_top10000_xgboost_S125_D_L_AU_AW_PU_PW,TRB/set/configs/experiments/layer1_all128_all5alg_top10000_static_v1/xgboost/S125_D_L_AU_AW_PU_PW.yaml,new
xgboost,S126_E_L_AU_AW_PU_PW,layer1_all5alg_top10000_xgboost_S126_E_L_AU_AW_PU_PW,TRB/set/configs/experiments/layer1_all128_all5alg_top10000_static_v1/xgboost/S126_E_L_AU_AW_PU_PW.yaml,new
xgboost,S127_D_E_L_AU_AW_PU_PW,layer1_all5alg_top10000_xgboost_S127_D_E_L_AU_AW_PU_PW,TRB/set/configs/experiments/layer1_all128_all5alg_top10000_static_v1/xgboost/S127_D_E_L_AU_AW_PU_PW.yaml,new
